congress,chamber,icpsr,state_icpsr,district_code,state_abbrev,party_code,occupancy,last_means,bioname,bioguide_id,born,died,nominate_dim1,nominate_dim2,nominate_log_likelihood,nominate_geo_mean_probability,nominate_number_of_votes,nominate_number_of_errors,conditional,nokken_poole_dim1,nokken_poole_dim2
115,House,20304,61,8,AZ,200,,,"FRANKS, Trent",F000448,1957,,0.7490000000000001,0.087,-45.672470000000004,0.91933,543.0,23.0,,0.621,-0.006
115,House,21300,61,9,AZ,100,,,"SINEMA, Kyrsten",S001191,1976,,-0.102,0.064,-262.83236,0.74405,889.0,133.0,,-0.09699999999999999,0.124
115,House,21501,61,2,AZ,200,,,"McSALLY, Martha",M001197,1966,,0.345,0.027000000000000003,-141.95528000000002,0.8597,939.0,84.0,,0.391,-0.028999999999999998
115,House,15621,71,48,CA,200,,,"ROHRABACHER, Dana",R000409,1947,,0.626,-0.41700000000000004,-191.72548,0.8128,925.0,77.0,,0.609,-0.5489999999999999
115,House,20107,71,49,CA,200,,,"ISSA, Darrell",I000056,1953,,0.505,-0.083,-97.15264,0.8984200000000001,907.0,39.0,,0.449,-0.096
115,House,21109,71,10,CA,200,,,"DENHAM, Jeff",D000612,1967,,0.306,0.212,-102.31873,0.89464,919.0,65.0,,0.23800000000000002,0.535
115,House,21307,71,21,CA,200,,,"VALADAO, David G.",V000129,1977,,0.254,0.413,-80.09397,0.9188200000000001,946.0,55.0,,0.248,0.687
115,House,21505,71,25,CA,200,,,"KNIGHT, Steve",K000387,1966,,0.397,0.188,-100.68598,0.8988299999999999,944.0,63.0,,0.311,0.359
115,House,21509,71,45,CA,200,,,"WALTERS, Mimi",W000820,1962,,0.433,0.177,-64.84546999999999,0.9314399999999999,913.0,20.0,,0.522,0.131
115,House,29321,71,39,CA,200,,,"ROYCE, Edward Randall",R000487,1951,,0.657,-0.353,-134.2203,0.8669399999999999,940.0,41.0,,0.47700000000000004,-0.171
115,House,20904,62,2,CO,100,,,"POLIS, Jared",P000598,1975,,-0.278,-0.6920000000000001,-126.08868999999999,0.8619899999999999,849.0,46.0,,-0.27,-0.7879999999999999
115,House,20906,62,6,CO,200,,,"COFFMAN, Mike",C001077,1955,,0.49200000000000005,-0.213,-156.11568,0.8489,953.0,88.0,,0.424,-0.16899999999999998
115,House,21316,1,5,CT,100,,,"ESTY, Elizabeth",E000293,1959,,-0.315,-0.078,-85.80393000000001,0.9139799999999999,954.0,48.0,,-0.341,0.067
115,House,15634,43,27,FL,200,,,"ROS-LEHTINEN, Ileana",R000435,1952,,0.244,-0.225,-208.93536,0.77531,821.0,111.0,,0.213,-0.19
115,House,20910,43,17,FL,200,,,"ROONEY, Thomas J.",R000583,1970,,0.45799999999999996,0.013000000000000001,-107.57895,0.87939,837.0,33.0,,0.366,0.122
115,House,21117,43,15,FL,200,,,"ROSS, Dennis",R000593,1959,,0.531,0.099,-52.026920000000004,0.93994,840.0,13.0,,0.47200000000000003,0.33399999999999996
115,House,21318,43,6,FL,200,,,"DeSANTIS, Ron",D000621,1978,,0.6629999999999999,-0.105,-69.4445,0.9187,819.0,52.0,,0.687,0.031
115,House,21512,43,26,FL,200,,,"CURBELO, Carlos",C001107,1980,,0.21100000000000002,-0.185,-191.67738,0.80566,887.0,96.0,,0.24,-0.191
115,House,21752,44,6,GA,200,,,"HANDEL, Karen",H001078,1962,,0.493,0.305,-54.38725,0.9242,690.0,19.0,,0.494,0.303
115,House,21124,82,1,HI,100,,,"HANABUSA, Colleen",H001050,1951,,-0.37,0.004,-84.1993,0.9046200000000001,840.0,42.0,,-0.359,0.023
115,House,21125,63,1,ID,200,,,"LABRADOR, Raúl R.",L000573,1967,,0.735,-0.5710000000000001,-121.02518,0.8624700000000001,818.0,46.0,,1.0,-0.03
115,House,20715,21,6,IL,200,,,"ROSKAM, Peter",R000580,1961,,0.429,0.018000000000000002,-129.50472,0.8665299999999999,904.0,65.0,,0.303,0.11199999999999999
115,House,21129,21,14,IL,200,,,"HULTGREN, Randy",H001059,1966,,0.49,-0.034,-87.46054000000001,0.9102399999999999,930.0,27.0,,0.45,-0.0
115,House,29348,21,4,IL,100,,,"GUTIÉRREZ, Luis V.",G000535,1953,,-0.48700000000000004,-0.26,-86.59678000000001,0.90104,831.0,42.0,,-0.5720000000000001,-0.124
115,House,21131,22,4,IN,200,,,"ROKITA, Todd",R000592,1970,,0.602,-0.16,-107.54672,0.8902399999999999,925.0,58.0,,0.6940000000000001,-0.11
115,House,21332,22,6,IN,200,,,"MESSER, Luke",M001189,1969,,0.563,-0.086,-74.26984,0.9202,893.0,24.0,,0.589,-0.109
115,House,21520,31,1,IA,200,,,"BLUM, Rod",B001294,1955,,0.527,-0.488,-262.21396,0.75107,916.0,105.0,,0.5379999999999999,-0.5539999999999999
115,House,21521,31,3,IA,200,,,"YOUNG, David",Y000066,1968,,0.442,-0.038,-113.41718,0.88835,958.0,35.0,,0.439,-0.11699999999999999
115,House,20915,32,2,KS,200,,,"JENKINS, Lynn",J000290,1963,,0.523,0.004,-92.63139,0.90209,899.0,61.0,,0.5,0.31
115,House,21135,32,3,KS,200,,,"YODER, Kevin",Y000063,1976,,0.5579999999999999,0.03,-107.36017,0.89239,943.0,67.0,,0.48700000000000004,0.23399999999999999
115,House,21524,2,2,ME,200,,,"POLIQUIN, Bruce Lee",P000611,1953,,0.36,-0.182,-158.12846000000002,0.8468100000000001,951.0,81.0,,0.33799999999999997,-0.036000000000000004
115,House,21334,52,6,MD,100,,,"DELANEY, John",D000620,1963,,-0.276,0.040999999999999995,-105.64891999999999,0.89294,933.0,51.0,,-0.282,0.111
115,House,20754,3,3,MA,100,,,"TSONGAS, Nicola S. (Niki)",T000465,1946,,-0.396,-0.19899999999999998,-64.09340999999999,0.9281799999999999,860.0,23.0,,-0.349,-0.39
115,House,29919,3,7,MA,100,,,"CAPUANO, Michael Everett",C001037,1952,,-0.58,-0.08199999999999999,-69.97069,0.92615,912.0,23.0,,-0.5760000000000001,-0.034
115,House,10713,23,13,MI,100,,,"CONYERS, John, Jr.",C000714,1929,,-0.6579999999999999,-0.512,-33.52608,0.93881,531.0,15.0,,-0.601,-0.337
115,House,15033,23,9,MI,100,,,"LEVIN, Sander Martin",L000263,1931,,-0.379,-0.091,-70.93397,0.92842,955.0,31.0,,-0.435,-0.012
115,House,21527,23,8,MI,200,,,"BISHOP, Michael Dean",B001293,1967,,0.451,0.095,-94.98035,0.9035,936.0,56.0,,0.47600000000000003,0.048
115,House,21528,23,11,MI,200,,,"TROTT, David A.",T000475,1960,,0.369,0.257,-73.98194000000001,0.92075,896.0,20.0,,0.364,0.19
115,House,21764,23,13,MI,100,,,"JONES, Brenda",J000303,1959,,-0.565,0.449,-0.38816,0.98831,33.0,0.0,,-0.569,0.455
115,House,14263,33,8,MN,100,,,"NOLAN, Richard Michael",N000127,1943,,-0.37200000000000005,-0.37200000000000005,-164.80005,0.82939,881.0,80.0,,-0.36,0.096
115,House,20726,33,1,MN,100,,,"WALZ, Tim",W000799,1964,,-0.275,0.131,-103.42569,0.85735,672.0,56.0,,-0.29100000000000004,-0.122
115,House,20727,33,5,MN,100,,,"ELLISON, Keith",E000288,1963,,-0.537,-0.58,-70.82184000000001,0.9168700000000001,816.0,21.0,,-0.551,-0.8
115,House,20924,33,3,MN,200,,,"PAULSEN, Erik",P000594,1965,,0.402,-0.191,-166.93075,0.83901,951.0,92.0,,0.32799999999999996,-0.043
115,House,21733,33,2,MN,200,,,"LEWIS, Jason Mark",L000587,1955,,0.506,-0.19699999999999998,-106.18645,0.8932899999999999,941.0,35.0,,0.506,-0.19699999999999998
115,House,20925,46,3,MS,200,,,"HARPER, Gregg",H001045,1956,,0.384,0.48,-64.82468,0.93211,922.0,15.0,,0.402,0.41700000000000004
115,House,21729,65,4,NV,100,,,"KIHUEN, Ruben Jesus",K000390,1980,,-0.397,0.226,-98.52466,0.9001899999999999,937.0,40.0,,-0.397,0.226
115,House,21743,65,3,NV,100,,,"ROSEN, Jacklyn Sheryl",R000608,1957,,-0.285,0.287,-177.13377,0.8240000000000001,915.0,82.0,,-0.244,0.213
115,House,20731,4,1,NH,100,,,"SHEA-PORTER, Carol",S001170,1952,,-0.315,-0.131,-99.52711,0.89476,895.0,38.0,,-0.302,-0.213
115,House,20929,12,7,NJ,200,,,"LANCE, Leonard",L000567,1952,,0.32899999999999996,-0.237,-223.3813,0.7916300000000001,956.0,125.0,,0.262,-0.19399999999999998
115,House,21537,12,3,NJ,200,,,"MacARTHUR, Thomas Charles",M001193,1960,,0.20600000000000002,0.27399999999999997,-131.27432,0.8706799999999999,948.0,76.0,,0.204,0.29100000000000004
115,House,29539,12,2,NJ,200,,,"LoBIONDO, Frank A.",L000554,1946,,0.21100000000000002,-0.22399999999999998,-221.30431000000002,0.79219,950.0,107.0,,0.2,-0.07
115,House,29541,12,11,NJ,200,,,"FRELINGHUYSEN, Rodney P.",F000372,1946,,0.292,-0.262,-163.62492,0.84024,940.0,59.0,,0.34,0.01
115,House,20337,66,2,NM,200,,,"PEARCE, Stevan",P000588,1947,,0.47200000000000003,0.064,-131.691,0.86374,899.0,76.0,,0.475,0.077
115,House,21341,66,1,NM,100,,,"LUJAN GRISHAM, Michelle",L000580,1959,,-0.313,0.047,-125.69163,0.8695200000000001,899.0,67.0,,-0.267,-0.198
115,House,15444,13,25,NY,100,,,"SLAUGHTER, Louise McIntosh",S000480,1929,2018.0,-0.465,-0.10400000000000001,-44.86097,0.9274899999999999,596.0,11.0,,-0.517,0.08199999999999999
115,House,21560,13,11,NY,200,,,"DONOVAN, Daniel M., Jr.",D000625,1956,,0.22699999999999998,0.095,-139.79283,0.8616799999999999,939.0,51.0,,0.24,0.04
115,House,21716,13,19,NY,200,,,"FASO, John J.",F000464,1952,,0.23399999999999999,-0.008,-160.99512,0.8447100000000001,954.0,78.0,,0.23399999999999999,-0.008
115,House,21749,13,22,NY,200,,,"TENNEY, Claudia",T000478,1961,,0.282,0.484,-92.64628,0.90727,952.0,58.0,,0.275,0.508
115,House,29925,13,14,NY,100,,,"CROWLEY, Joseph",C001038,1962,,-0.41200000000000003,-0.07,-69.85749,0.92443,889.0,29.0,,-0.509,0.022000000000000002
115,House,21347,47,9,NC,200,,,"PITTENGER, Robert",P000606,1948,,0.561,0.33299999999999996,-68.88374,0.9268700000000001,907.0,47.0,,0.5920000000000001,0.465
115,House,21350,36,1,ND,200,,,"CRAMER, Kevin",C001096,1961,,0.389,0.299,-67.33287,0.92822,904.0,20.0,,0.43,0.301
115,House,20130,24,12,OH,200,,,"TIBERI, Patrick (Pat)",T000462,1962,,0.386,-0.026000000000000002,-60.260940000000005,0.8925299999999999,530.0,24.0,,0.26899999999999996,0.552
115,House,21164,24,16,OH,200,,,"RENACCI, Jim",R000586,1958,,0.387,0.14300000000000002,-107.22367,0.88455,874.0,62.0,,0.423,0.174
115,House,21354,53,1,OK,200,,,"BRIDENSTINE, Jim",B001283,1975,,0.6890000000000001,-0.157,-29.487090000000002,0.9341700000000001,433.0,6.0,,0.623,-0.253
115,House,21546,53,5,OK,200,,,"RUSSELL, Steve",R000604,1963,,0.473,-0.183,-151.96706,0.84835,924.0,45.0,,0.51,-0.348
115,House,20134,14,9,PA,200,,,"SHUSTER, William (Bill)",S001154,1961,,0.374,0.32299999999999995,-74.6645,0.91619,853.0,29.0,,0.317,0.276
115,House,20346,14,18,PA,200,,,"MURPHY, Timothy",M001151,1952,,0.258,0.198,-46.30004,0.90675,473.0,20.0,,0.263,0.34600000000000003
115,House,20526,14,15,PA,200,,,"DENT, Charles W.",D000604,1960,,0.244,-0.085,-107.19941000000001,0.85949,708.0,30.0,,0.271,-0.001
115,House,21168,14,7,PA,200,,,"MEEHAN, Patrick",M001181,1955,,0.22,0.076,-115.51633999999999,0.8474700000000001,698.0,58.0,,0.217,0.135
115,House,21171,14,11,PA,200,,,"BARLETTA, Lou",B001269,1956,,0.278,0.39299999999999996,-72.16152,0.9197799999999999,863.0,21.0,,0.298,0.355
115,House,21357,14,12,PA,200,,,"ROTHFUS, Keith",R000598,1962,,0.498,0.044000000000000004,-92.02045,0.90805,954.0,36.0,,0.493,-0.098
115,House,21547,14,6,PA,200,,,"COSTELLO, Ryan",C001106,1976,,0.217,-0.055,-174.81377,0.8264299999999999,917.0,92.0,,0.22699999999999998,-0.059000000000000004
115,House,29777,14,1,PA,100,,,"BRADY, Robert A.",B001227,1945,,-0.484,0.225,-83.90751999999999,0.91355,928.0,24.0,,-0.53,0.441
115,House,21175,48,4,SC,200,,,"GOWDY, Trey",G000566,1964,,0.655,-0.002,-58.51558000000001,0.93732,904.0,17.0,,0.5479999999999999,0.257
115,House,29565,48,1,SC,200,,,"SANFORD, Mark",S000051,1960,,0.6859999999999999,-0.728,-259.14002999999997,0.75359,916.0,133.0,,0.633,-0.774
115,House,21177,37,1,SD,200,,,"NOEM, Kristi",N000184,1971,,0.39799999999999996,0.326,-85.73389,0.90395,849.0,35.0,,0.469,0.154
115,House,15455,54,2,TN,200,,,"DUNCAN, John J., Jr.",D000533,1947,,0.604,-0.47600000000000003,-270.66716,0.75095,945.0,93.0,,1.0,-0.03
115,House,20351,54,7,TN,200,,,"BLACKBURN, Marsha",B001243,1952,,0.621,0.135,-58.25083000000001,0.93215,829.0,31.0,,0.643,0.2
115,House,21180,54,6,TN,200,,,"BLACK, Diane",B001273,1951,,0.58,0.21899999999999997,-43.95387,0.94078,720.0,13.0,,0.5720000000000001,0.08199999999999999
115,House,15085,49,6,TX,200,,,"BARTON, Joe Linus",B000213,1949,,0.528,0.047,-98.12992,0.89976,929.0,38.0,,0.541,-0.129
115,House,15445,49,21,TX,200,,,"SMITH, Lamar Seeligson",S000583,1947,,0.425,0.061,-68.77216,0.92596,894.0,19.0,,0.491,0.11599999999999999
115,House,20139,49,7,TX,200,,,"CULBERSON, John",C001048,1956,,0.503,0.366,-80.52851,0.91815,943.0,22.0,,0.473,0.129
115,House,20352,49,5,TX,200,,,"HENSARLING, Jeb",H001036,1957,,0.703,0.04,-68.08408,0.93035,943.0,16.0,,0.645,0.062
115,House,20528,49,2,TX,200,,,"POE, Ted",P000592,1948,,0.594,-0.028999999999999998,-141.43323,0.85398,896.0,76.0,,0.594,-0.17
115,House,21184,49,27,TX,200,,,"FARENTHOLD, Blake",F000460,1961,,0.5479999999999999,0.016,-55.95071,0.92135,683.0,24.0,,0.636,0.005
115,House,21361,49,16,TX,100,,,"O'ROURKE, Beto",O000170,1972,,-0.304,-0.331,-111.02625,0.88781,933.0,47.0,,-0.245,-0.337
115,House,29143,49,3,TX,200,,,"JOHNSON, Sam",J000174,1930,,0.61,0.27699999999999997,-53.72498,0.9371,827.0,13.0,,0.67,0.114
115,House,29759,49,32,TX,200,,,"SESSIONS, Pete",S000250,1955,,0.585,0.175,-62.82595,0.9360700000000001,951.0,18.0,,0.522,0.16899999999999998
115,House,39304,49,29,TX,100,,,"GREEN, Raymond Eugene (Gene)",G000410,1947,,-0.324,0.45299999999999996,-168.01147,0.83275,918.0,66.0,,-0.38799999999999996,0.5920000000000001
115,House,20949,67,3,UT,200,,,"CHAFFETZ, Jason",C001076,1967,,0.647,-0.278,-10.593110000000001,0.95867,251.0,5.0,,0.41700000000000004,0.366
115,House,21552,67,4,UT,200,,,"LOVE, Ludmya Bourdeau (Mia)",L000584,1975,,0.542,-0.055999999999999994,-102.70961,0.8950100000000001,926.0,39.0,,0.48100000000000004,-0.025
115,House,21553,40,7,VA,200,,,"BRAT, David A.",B001290,1964,,0.8290000000000001,-0.325,-88.74694000000001,0.91009,942.0,29.0,,0.8109999999999999,-0.341
115,House,21555,40,10,VA,200,,,"COMSTOCK, Barbara J.",C001105,1959,,0.276,0.389,-103.10576999999999,0.89376,918.0,36.0,,0.293,0.213
115,House,21721,40,5,VA,200,,,"GARRETT, Thomas Alexander Jr.",G000580,1972,,0.9309999999999999,-0.365,-127.34334,0.8593299999999999,840.0,69.0,,0.991,-0.136
115,House,21748,40,2,VA,200,,,"TAYLOR, Scott William",T000477,1979,,0.456,0.021,-96.73846999999999,0.89936,912.0,36.0,,0.456,0.021
115,House,39308,40,6,VA,200,,,"GOODLATTE, Robert William",G000289,1952,,0.496,-0.002,-83.84175,0.9154399999999999,949.0,22.0,,0.585,-0.035
115,House,20536,73,8,WA,200,,,"REICHERT, David G.",R000578,1950,,0.22399999999999998,-0.146,-162.32542,0.83905,925.0,66.0,,0.257,-0.023
115,House,21558,56,3,WV,200,,,"JENKINS, Evan H.",J000297,1960,,0.315,0.308,-103.90415,0.8855700000000001,855.0,66.0,,0.32899999999999996,0.33799999999999997
115,House,29939,25,1,WI,200,,,"RYAN, Paul D.",R000570,1970,,0.556,-0.25,-7.06452,0.76207,26.0,4.0,,0.31,0.205
116,House,20301,41,3,AL,200,,,"ROGERS, Mike Dennis",R000575,1958,,0.35700000000000004,0.45899999999999996,-169.8181,0.8004600000000001,763.0,70.0,,0.52,0.38799999999999996
116,House,21102,41,7,AL,100,,,"SEWELL, Terri",S001185,1965,,-0.392,0.401,-28.49993,0.96452,789.0,11.0,,-0.43,0.384
116,House,21192,41,2,AL,200,,,"ROBY, Martha",R000591,1976,,0.36200000000000004,0.6579999999999999,-90.42097,0.88244,723.0,31.0,,0.34600000000000003,0.672
116,House,21193,41,5,AL,200,,,"BROOKS, Mo",B001274,1954,,0.648,-0.433,-142.38162,0.8378899999999999,805.0,57.0,,0.772,-0.337
116,House,21376,41,1,AL,200,,,"BYRNE, Bradley",B001289,1955,,0.61,0.25,-107.81607,0.85611,694.0,42.0,,0.7020000000000001,0.19399999999999998
116,House,21500,41,6,AL,200,,,"PALMER, Gary James",P000609,1954,,0.705,-0.027999999999999997,-101.49351,0.87915,788.0,43.0,,0.669,0.085
116,House,29701,41,4,AL,200,,,"ADERHOLT, Robert",A000055,1965,,0.37,0.589,-120.18381000000001,0.8532,757.0,44.0,,0.449,0.499
116,House,14066,81,1,AK,200,,,"YOUNG, Donald Edwin",Y000033,1933,,0.284,0.022000000000000002,-225.14189,0.7459100000000001,768.0,84.0,,0.336,0.085
116,House,20305,61,3,AZ,100,,,"GRIJALVA, Raúl M.",G000551,1948,,-0.599,-0.255,-23.15599,0.9703700000000001,770.0,9.0,,-0.594,-0.5429999999999999
116,House,20902,61,2,AZ,100,,,"KIRKPATRICK, Ann",K000368,1950,,-0.165,-0.006999999999999999,-47.03018,0.93625,714.0,19.0,,-0.369,0.401
116,House,21103,61,4,AZ,200,,,"GOSAR, Paul",G000565,1958,,0.679,-0.418,-118.28403999999999,0.8548100000000001,754.0,46.0,,0.919,-0.395
116,House,21105,61,6,AZ,200,,,"SCHWEIKERT, David",S001183,1962,,0.588,-0.32,-202.8454,0.77823,809.0,95.0,,0.521,-0.312
116,House,21502,61,7,AZ,100,,,"GALLEGO, Ruben",G000574,1979,,-0.449,-0.013999999999999999,-21.34725,0.9736,798.0,11.0,,-0.431,0.046
116,House,21705,61,5,AZ,200,,,"BIGGS, Andrew S.",B001302,1958,,0.883,-0.469,-94.22601999999999,0.8881,794.0,30.0,,1.0,-0.03
116,House,21739,61,1,AZ,100,,,"O'HALLERAN, Thomas C.",O000171,1946,,-0.19,0.149,-44.35411,0.946,799.0,14.0,,-0.33299999999999996,0.40399999999999997
116,House,21757,61,8,AZ,200,,,"LESKO, Debbie",L000589,1958,,0.604,-0.016,-107.66301999999999,0.87305,793.0,49.0,,0.591,0.019
116,House,21968,61,9,AZ,100,,,"STANTON, Greg",S001211,1970,,-0.313,-0.051,-20.250870000000003,0.9752799999999999,809.0,8.0,,-0.313,-0.042
116,House,21106,42,1,AR,200,,,"CRAWFORD, Rick",C001087,1966,,0.41700000000000004,0.498,-88.42698,0.8882200000000001,746.0,37.0,,0.508,0.518
116,House,21108,42,3,AR,200,,,"WOMACK, Steve",W000809,1957,,0.35600000000000004,0.579,-69.97592,0.91733,811.0,25.0,,0.382,0.599
116,House,21503,42,2,AR,200,,,"HILL, French",H001072,1956,,0.45299999999999996,0.226,-93.86671,0.88994,805.0,35.0,,0.42100000000000004,0.337
116,House,21563,42,4,AR,200,,,"WESTERMAN, Bruce Eugene",W000821,1967,,0.5489999999999999,0.322,-76.96471,0.90784,796.0,31.0,,0.557,0.395
116,House,15448,71,12,CA,100,,,"PELOSI, Nancy",P000197,1940,,-0.49,-0.20600000000000002,-1.14096,0.98336,68.0,0.0,,-0.39899999999999997,0.23
116,House,20104,71,28,CA,100,,,"SCHIFF, Adam",S001150,1960,,-0.349,-0.129,-14.93266,0.9817100000000001,809.0,4.0,,-0.42700000000000005,-0.005
116,House,20108,71,53,CA,100,,,"DAVIS, Susan A.",D000598,1944,,-0.34299999999999997,-0.10300000000000001,-15.76482,0.98049,800.0,4.0,,-0.341,-0.006999999999999999
116,House,20307,71,22,CA,200,,,"NUNES, Devin",N000181,1973,,0.45,0.215,-81.34183,0.9034399999999999,801.0,30.0,,0.462,0.366
116,House,20310,71,38,CA,100,,,"SÁNCHEZ, Linda T.",S001156,1969,,-0.508,-0.136,-13.19015,0.9833799999999999,787.0,5.0,,-0.523,-0.037000000000000005
116,House,20501,71,16,CA,100,,,"COSTA, Jim",C001059,1952,,-0.192,0.46399999999999997,-98.34518,0.8846,802.0,35.0,,-0.373,0.757
116,House,20538,71,6,CA,100,,,"MATSUI, Doris",M001163,1944,,-0.434,-0.161,-28.411690000000004,0.9652799999999999,804.0,9.0,,-0.42,0.083
116,House,20702,71,9,CA,100,,,"McNERNEY, Jerry",M001166,1951,,-0.262,-0.152,-20.28472,0.97455,787.0,8.0,,-0.428,-0.16699999999999998
116,House,20703,71,23,CA,200,,,"MCCARTHY, Kevin",M001165,1965,,0.45799999999999996,0.217,-94.32295,0.8873200000000001,789.0,41.0,,0.424,0.371
116,House,20762,71,14,CA,100,,,"SPEIER, Karen Lorraine Jacqueline (Jackie)",S001175,1950,,-0.38,-0.44,-41.57809,0.94763,773.0,9.0,,-0.316,-0.22699999999999998
116,House,20903,71,4,CA,200,,,"McCLINTOCK, Tom",M001177,1956,,0.718,-0.47200000000000003,-175.02217,0.8015,791.0,96.0,,0.645,-0.386
116,House,20955,71,27,CA,100,,,"CHU, Judy",C001080,1953,,-0.48700000000000004,-0.377,-16.15504,0.9802299999999999,809.0,6.0,,-0.43700000000000006,-0.42
116,House,20958,71,3,CA,100,,,"GARAMENDI, John",G000559,1945,,-0.309,-0.091,-31.455470000000002,0.9613,797.0,8.0,,-0.303,-0.032
116,House,20963,71,50,CA,200,,,"HUNTER, Duncan Duane",H001048,1976,,0.539,0.085,-124.54558,0.7973600000000001,550.0,57.0,,0.637,-0.1
116,House,21110,71,37,CA,100,,,"BASS, Karen",B001270,1953,,-0.585,-0.106,-16.63358,0.97857,768.0,8.0,,-0.5720000000000001,-0.369
116,House,21302,71,1,CA,200,,,"LaMALFA, Doug",L000578,1960,,0.531,0.08800000000000001,-122.3341,0.85587,786.0,52.0,,0.507,0.083
116,House,21303,71,2,CA,100,,,"HUFFMAN, Jared",H001068,1964,,-0.42700000000000005,-0.5429999999999999,-27.746740000000003,0.9652700000000001,785.0,10.0,,-0.428,-0.684
116,House,21304,71,7,CA,100,,,"BERA, Ami",B001287,1965,,-0.233,0.015,-29.66409,0.96404,810.0,11.0,,-0.363,0.303
116,House,21305,71,8,CA,200,,,"COOK, Paul",C001094,1943,,0.37200000000000005,0.20800000000000002,-106.11393999999999,0.87064,766.0,43.0,,0.32299999999999995,0.37
116,House,21306,71,15,CA,100,,,"SWALWELL, Eric",S001193,1980,,-0.368,-0.105,-21.63501,0.9660299999999999,626.0,7.0,,-0.521,0.264
116,House,21308,71,26,CA,100,,,"BROWNLEY, Julia",B001285,1952,,-0.28600000000000003,0.051,-30.346999999999998,0.9626899999999999,798.0,12.0,,-0.369,0.21600000000000003
116,House,21309,71,29,CA,100,,,"CÁRDENAS, Tony",C001097,1963,,-0.38299999999999995,0.02,-29.96364,0.96193,772.0,15.0,,-0.45,0.043
116,House,21311,71,36,CA,100,,,"RUIZ, Raul",R000599,1972,,-0.243,0.06,-42.87022,0.9485100000000001,811.0,18.0,,-0.392,0.21899999999999997
116,House,21312,71,41,CA,100,,,"TAKANO, Mark",T000472,1960,,-0.46299999999999997,-0.262,-18.74052,0.9767299999999999,796.0,7.0,,-0.408,-0.353
116,House,21313,71,47,CA,100,,,"LOWENTHAL, Alan",L000579,1941,,-0.451,-0.371,-16.42875,0.9799,809.0,5.0,,-0.48200000000000004,-0.52
116,House,21314,71,51,CA,100,,,"VARGAS, Juan",V000130,1961,,-0.401,0.09699999999999999,-33.71443,0.9583200000000001,792.0,12.0,,-0.5539999999999999,-0.187
116,House,21315,71,52,CA,100,,,"PETERS, Scott",P000608,1958,,-0.18100000000000002,-0.04,-61.17298,0.92558,791.0,24.0,,-0.22699999999999998,0.179
116,House,21504,71,11,CA,100,,,"DESAULNIER, Mark James",D000623,1952,,-0.53,-0.371,-16.08427,0.98014,802.0,7.0,,-0.45299999999999996,-0.608
116,House,21506,71,31,CA,100,,,"AGUILAR, Peter Rey",A000371,1979,,-0.292,0.136,-49.15055,0.9407,804.0,19.0,,-0.44299999999999995,0.395
116,House,21507,71,33,CA,100,,,"LIEU, Ted",L000582,1969,,-0.37200000000000005,-0.263,-25.32028,0.9678200000000001,774.0,8.0,,-0.5920000000000001,-0.16899999999999998
116,House,21508,71,35,CA,100,,,"TORRES, Norma Judith",T000474,1965,,-0.36,0.033,-32.87735,0.9597399999999999,800.0,12.0,,-0.395,0.075
116,House,21703,71,44,CA,100,,,"BARRAGÁN, Nanette Diaz",B001300,1976,,-0.514,0.046,-23.76134,0.9706600000000001,798.0,12.0,,-0.49200000000000005,-0.486
116,House,21709,71,24,CA,100,,,"CARBAJAL, Salud",C001112,1964,,-0.301,0.139,-18.40985,0.97756,811.0,4.0,,-0.35700000000000004,0.077
116,House,21711,71,46,CA,100,,,"CORREA, Jose Luis",C001110,1958,,-0.282,0.301,-61.8678,0.9254,798.0,28.0,,-0.341,0.16899999999999998
116,House,21728,71,17,CA,100,,,"KHANNA, Rohit",K000389,1976,,-0.5770000000000001,-0.27399999999999997,-44.05172,0.9470000000000001,809.0,14.0,,-0.32299999999999995,-0.665
116,House,21740,71,20,CA,100,,,"PANETTA, James Varni",P000613,1969,,-0.306,0.046,-37.81199,0.95445,811.0,15.0,,-0.306,0.23800000000000002
116,House,21754,71,34,CA,100,,,"GOMEZ, Jimmy",G000585,1974,,-0.596,-0.11199999999999999,-30.838859999999997,0.9623700000000001,804.0,15.0,,-0.41600000000000004,-0.569
116,House,21907,71,39,CA,100,,,"CISNEROS, Gil",C001123,1972,,-0.376,0.575,-48.30079,0.9419700000000001,808.0,16.0,,-0.377,0.5770000000000001
116,House,21909,71,21,CA,100,,,"COX, TJ",C001124,1963,,-0.34299999999999997,0.478,-48.50115,0.9411700000000001,800.0,14.0,,-0.344,0.479
116,House,21930,71,10,CA,100,,,"HARDER, Josh",H001090,1986,,-0.381,0.753,-62.33707,0.9254,804.0,16.0,,-0.386,0.763
116,House,21932,71,25,CA,100,,,"HILL, Katie",H001087,1987,,-0.306,0.114,-20.26703,0.96104,510.0,8.0,,-0.305,0.113
116,House,21939,71,49,CA,100,,,"LEVIN, Mike",L000593,1978,,-0.35100000000000003,0.11,-20.72365,0.97477,811.0,7.0,,-0.353,0.124
116,House,21954,71,45,CA,100,,,"PORTER, Katie",P000618,1974,,-0.182,0.006999999999999999,-98.95746,0.8833700000000001,798.0,41.0,,-0.179,0.016
116,House,21960,71,48,CA,100,,,"ROUDA, Harley",R000616,1961,,-0.336,0.5589999999999999,-42.41024,0.9479200000000001,793.0,11.0,,-0.336,0.56
116,House,29106,71,43,CA,100,,,"WATERS, Maxine",W000187,1938,,-0.653,-0.071,-54.825540000000004,0.934,803.0,18.0,,-0.589,0.36700000000000005
116,House,29312,71,18,CA,100,,,"ESHOO, Anna Georges",E000215,1942,,-0.381,-0.425,-13.80464,0.9826600000000001,789.0,6.0,,-0.395,-0.213
116,House,29317,71,40,CA,100,,,"ROYBAL-ALLARD, Lucille",R000486,1941,,-0.47,-0.185,-15.688089999999999,0.98046,795.0,6.0,,-0.39899999999999997,-0.107
116,House,29323,71,42,CA,200,,,"CALVERT, Ken",C000059,1953,,0.35,0.223,-82.06393,0.9015700000000001,792.0,26.0,,0.321,0.524
116,House,29504,71,19,CA,100,,,"LOFGREN, Zoe",L000397,1947,,-0.402,-0.445,-32.64631,0.95947,789.0,11.0,,-0.461,-0.466
116,House,29707,71,30,CA,100,,,"SHERMAN, Brad",S000344,1954,,-0.342,-0.147,-21.02694,0.97393,796.0,11.0,,-0.45399999999999996,0.067
116,House,29778,71,13,CA,100,,,"LEE, Barbara",L000551,1946,,-0.682,-0.5870000000000001,-25.70699,0.96845,802.0,11.0,,-0.545,-0.828
116,House,29901,71,5,CA,100,,,"THOMPSON, Michael",T000460,1951,,-0.395,0.066,-37.28644,0.9541299999999999,794.0,18.0,,-0.441,0.414
116,House,29903,71,32,CA,100,,,"NAPOLITANO, Grace Flores",N000179,1936,,-0.44799999999999995,-0.248,-18.33781,0.9774200000000001,803.0,9.0,,-0.479,-0.253
116,House,20704,62,5,CO,200,,,"LAMBORN, Doug",L000564,1954,,0.679,0.196,-74.89511,0.9091100000000001,786.0,33.0,,0.636,0.23600000000000002
116,House,20705,62,7,CO,100,,,"PERLMUTTER, Ed",P000593,1953,,-0.282,0.076,-29.19415,0.9628,770.0,10.0,,-0.301,-0.033
116,House,21111,62,3,CO,200,,,"TIPTON, Scott",T000470,1956,,0.451,-0.023,-127.84773999999999,0.8536600000000001,808.0,51.0,,0.445,-0.0
116,House,21510,62,4,CO,200,,,"BUCK, Kenneth Robert",B001297,1959,,0.747,-0.46,-113.54588000000001,0.8524,711.0,47.0,,0.73,-0.418
116,House,21912,62,6,CO,100,,,"CROW, Jason",C001121,1979,,-0.272,0.401,-46.21391,0.9445399999999999,810.0,17.0,,-0.273,0.408
116,House,21948,62,2,CO,100,,,"NEGUSE, Joseph",N000191,1984,,-0.436,-0.42700000000000005,-16.268179999999997,0.98009,809.0,5.0,,-0.466,-0.46299999999999997
116,House,29710,62,1,CO,100,,,"DeGETTE, Diana",D000197,1957,,-0.431,-0.311,-18.22345,0.97751,801.0,8.0,,-0.4,-0.35600000000000004
116,House,20706,1,2,CT,100,,,"COURTNEY, Joe",C001069,1953,,-0.344,0.017,-21.694679999999998,0.97357,810.0,6.0,,-0.36,0.013999999999999999
116,House,20907,1,4,CT,100,,,"HIMES, James A.",H001047,1966,,-0.243,-0.23600000000000002,-42.19495,0.9485600000000001,799.0,16.0,,-0.32,0.131
116,House,21931,1,5,CT,100,,,"HAYES, Jahana",H001081,1973,,-0.359,-0.07,-20.88951,0.97351,778.0,7.0,,-0.37200000000000005,-0.031
116,House,29109,1,3,CT,100,,,"DeLAURO, Rosa L.",D000216,1943,,-0.415,-0.11699999999999999,-19.58596,0.97539,786.0,7.0,,-0.37799999999999995,-0.042
116,House,29908,1,1,CT,100,,,"LARSON, John B.",L000557,1948,,-0.397,-0.051,-17.60187,0.97824,800.0,6.0,,-0.34700000000000003,0.01
116,House,21706,11,1,DE,100,,,"BLUNT ROCHESTER, Lisa",B001303,1962,,-0.33399999999999996,-0.11900000000000001,-15.693929999999998,0.9807600000000001,808.0,3.0,,-0.39899999999999997,-0.10300000000000001
116,House,20316,43,25,FL,200,,,"DIAZ-BALART, Mario",D000600,1961,,0.28,0.12,-135.35865,0.84344,795.0,52.0,,0.28800000000000003,0.2
116,House,20504,43,23,FL,100,,,"WASSERMAN SCHULTZ, Debbie",W000797,1966,,-0.42100000000000004,0.069,-26.96469,0.96644,790.0,7.0,,-0.35600000000000004,0.10800000000000001
116,House,20708,43,14,FL,100,,,"CASTOR, Kathy",C001066,1966,,-0.43799999999999994,0.045,-16.66863,0.9795799999999999,808.0,5.0,,-0.41700000000000004,-0.065
116,House,20709,43,16,FL,200,,,"BUCHANAN, Vernon G.",B001260,1951,,0.359,-0.131,-144.47464,0.8309200000000001,780.0,62.0,,0.342,0.003
116,House,20758,43,12,FL,200,,,"BILIRAKIS, Gus",B001257,1963,,0.40399999999999997,0.022000000000000002,-125.87701000000001,0.8513200000000001,782.0,57.0,,0.406,0.003
116,House,20909,43,8,FL,200,,,"POSEY, Bill",P000599,1947,,0.52,-0.322,-183.51995,0.79386,795.0,86.0,,0.5379999999999999,-0.344
116,House,20959,43,22,FL,100,,,"DEUTCH, Theodore E. (Ted)",D000610,1966,,-0.39899999999999997,-0.09300000000000001,-20.02228,0.97482,785.0,7.0,,-0.39399999999999996,0.062
116,House,21116,43,11,FL,200,,,"WEBSTER, Daniel A.",W000806,1949,,0.509,-0.048,-163.23731999999998,0.8062600000000001,758.0,84.0,,0.56,-0.155
116,House,21118,43,24,FL,100,,,"WILSON, Frederica",W000808,1942,,-0.47700000000000004,-0.016,-12.49986,0.98311,734.0,4.0,,-0.5379999999999999,0.027000000000000003
116,House,21317,43,3,FL,200,,,"YOHO, Ted",Y000065,1955,,0.7040000000000001,-0.365,-131.16793,0.8338700000000001,722.0,57.0,,0.715,-0.336
116,House,21321,43,21,FL,100,,,"FRANKEL, Lois",F000462,1948,,-0.39799999999999996,-0.08199999999999999,-22.85088,0.97083,772.0,10.0,,-0.345,-0.022000000000000002
116,House,21712,43,13,FL,100,,,"CRIST, Charlie Joseph Jr.",C001111,1956,,-0.223,0.046,-34.21795,0.9585899999999999,809.0,15.0,,-0.29,0.282
116,House,21713,43,10,FL,100,,,"DEMINGS, Valdez Butler",D000627,1957,,-0.33799999999999997,-0.105,-24.02028,0.97067,807.0,10.0,,-0.314,0.09
116,House,21714,43,2,FL,200,,,"DUNN, Neal Patrick",D000628,1953,,0.5329999999999999,0.20600000000000002,-120.2289,0.8524299999999999,753.0,56.0,,0.547,0.17300000000000001
116,House,21719,43,1,FL,200,,,"GAETZ, Matthew L. II",G000578,1982,,0.628,-0.586,-206.49344,0.74825,712.0,96.0,,0.593,-0.64
116,House,21732,43,5,FL,100,,,"LAWSON, Alfred Jr.",L000586,1948,,-0.256,0.078,-35.07058,0.95642,787.0,15.0,,-0.262,0.073
116,House,21735,43,18,FL,200,,,"MAST, Brian Jeffery",M001199,1980,,0.42700000000000005,-0.311,-212.91427000000002,0.76005,776.0,96.0,,0.455,-0.369
116,House,21738,43,7,FL,100,,,"MURPHY, Stephanie",M001202,1978,,-0.159,0.086,-87.01903,0.8979,808.0,33.0,,-0.177,0.24600000000000002
116,House,21742,43,19,FL,200,,,"ROONEY, Francis",R000607,1953,,0.501,-0.494,-268.86408,0.60612,537.0,133.0,,0.486,-0.634
116,House,21744,43,4,FL,200,,,"RUTHERFORD, John Henry",R000609,1952,,0.39399999999999996,0.172,-167.23903,0.80724,781.0,67.0,,0.41600000000000004,0.033
116,House,21746,43,9,FL,100,,,"SOTO, Darren Michael",S001200,1978,,-0.38,0.122,-18.7933,0.97678,800.0,7.0,,-0.363,0.008
116,House,21947,43,26,FL,100,,,"MUCARSEL-POWELL, Debbie",M001207,1971,,-0.345,0.332,-34.25115,0.9584,806.0,20.0,,-0.345,0.33299999999999996
116,House,21963,43,27,FL,100,,,"SHALALA, Donna",S001206,1941,,-0.35200000000000004,0.021,-17.13918,0.97901,808.0,6.0,,-0.35100000000000003,0.018000000000000002
116,House,21967,43,15,FL,200,,,"SPANO, Ross",S001210,1966,,0.462,0.009000000000000001,-113.84357,0.86564,789.0,39.0,,0.462,0.003
116,House,21971,43,17,FL,200,,,"STEUBE, William",S001214,1978,,0.6709999999999999,-0.349,-128.27352,0.8488899999999999,783.0,53.0,,0.66,-0.34
116,House,21981,43,6,FL,200,,,"WALTZ, Michael",W000823,1974,,0.41600000000000004,-0.141,-147.4647,0.82426,763.0,72.0,,0.41100000000000003,-0.147
116,House,29337,43,20,FL,100,,,"HASTINGS, Alcee Lamar",H000324,1936,,-0.564,0.157,-14.780679999999998,0.97652,622.0,4.0,,-0.54,0.212
116,House,15431,44,5,GA,100,,,"LEWIS, John R.",L000287,1940,,-0.589,-0.221,-11.005360000000001,0.9825200000000001,624.0,5.0,,-0.449,-0.132
116,House,20321,44,13,GA,100,,,"SCOTT, David",S001157,1945,,-0.302,0.163,-23.5623,0.9710799999999999,803.0,5.0,,-0.361,0.12300000000000001
116,House,20712,44,4,GA,100,,,"JOHNSON, Hank",J000288,1954,,-0.46799999999999997,0.013000000000000001,-36.386520000000004,0.9557,803.0,10.0,,-0.461,-0.075
116,House,20962,44,14,GA,200,,,"GRAVES, Tom",G000560,1970,,0.716,-0.002,-113.96483,0.8536100000000001,720.0,41.0,,0.664,0.14300000000000002
116,House,21122,44,7,GA,200,,,"WOODALL, Rob",W000810,1970,,0.593,-0.17300000000000001,-143.25698,0.8362299999999999,801.0,64.0,,0.501,0.11199999999999999
116,House,21123,44,8,GA,200,,,"SCOTT, Austin",S001189,1969,,0.5670000000000001,0.195,-95.78279,0.88555,788.0,35.0,,0.56,0.353
116,House,21323,44,9,GA,200,,,"COLLINS, Doug",C001093,1966,,0.61,0.134,-81.58804,0.8960100000000001,743.0,31.0,,0.595,0.303
116,House,21513,44,1,GA,200,,,"CARTER, Buddy",C001103,1957,,0.581,0.262,-96.63851,0.88594,798.0,36.0,,0.596,0.179
116,House,21514,44,10,GA,200,,,"HICE, Jody Brownlow",H001071,1960,,0.7929999999999999,-0.14,-81.21009000000001,0.8990299999999999,763.0,35.0,,0.856,-0.087
116,House,21515,44,11,GA,200,,,"LOUDERMILK, Barry D.",L000583,1963,,0.6890000000000001,-0.002,-80.49283,0.89123,699.0,30.0,,0.715,0.133
116,House,21516,44,12,GA,200,,,"ALLEN, Rick W.",A000372,1951,,0.68,0.301,-93.80824,0.88961,802.0,39.0,,0.7559999999999999,0.355
116,House,21717,44,3,GA,200,,,"FERGUSON, Anderson Drew IV",F000465,1967,,0.617,0.11800000000000001,-116.31241000000001,0.86374,794.0,52.0,,0.655,0.165
116,House,21944,44,6,GA,100,,,"McBATH, Lucy",M001208,1960,,-0.254,0.37799999999999995,-54.78921999999999,0.93452,809.0,19.0,,-0.249,0.354
116,House,29339,44,2,GA,100,,,"BISHOP, Sanford Dixon, Jr.",B000490,1947,,-0.28300000000000003,0.46299999999999997,-58.4103,0.9290799999999999,794.0,30.0,,-0.33799999999999997,0.281
116,House,20322,82,1,HI,100,,,"CASE, Ed",C001055,1952,,-0.19699999999999998,-0.126,-52.575680000000006,0.9369299999999999,807.0,17.0,,-0.195,0.01
116,House,21324,82,2,HI,100,,,"GABBARD, Tulsi",G000571,1981,,-0.27399999999999997,-0.282,-39.27084,0.9279299999999999,525.0,14.0,,-0.258,-0.6409999999999999
116,House,21920,63,1,ID,200,,,"FULCHER, Russell",F000469,1973,,0.634,0.039,-97.11867,0.88582,801.0,43.0,,0.628,0.036000000000000004
116,House,29910,63,2,ID,200,,,"SIMPSON, Michael K.",S001148,1950,,0.297,0.284,-179.83966,0.79219,772.0,70.0,,0.332,0.282
116,House,20508,21,3,IL,100,,,"LIPINSKI, Daniel",L000563,1966,,-0.22699999999999998,0.17600000000000002,-109.5829,0.8700200000000001,787.0,33.0,,-0.146,0.05
116,House,20749,21,11,IL,100,,,"FOSTER, Bill",F000454,1955,,-0.22899999999999998,-0.225,-26.57064,0.96725,798.0,5.0,,-0.414,0.107
116,House,20954,21,5,IL,100,,,"QUIGLEY, Mike",Q000023,1958,,-0.321,-0.27899999999999997,-19.64162,0.9756,795.0,6.0,,-0.387,-0.087
116,House,21128,21,16,IL,200,,,"KINZINGER, Adam",K000378,1978,,0.272,0.306,-137.94388,0.83341,757.0,60.0,,0.297,0.21100000000000002
116,House,21326,21,10,IL,100,,,"SCHNEIDER, Brad",S001190,1961,,-0.175,-0.193,-36.38613,0.95586,806.0,9.0,,-0.295,0.024
116,House,21328,21,13,IL,200,,,"DAVIS, Rodney",D000619,1970,,0.27399999999999997,0.175,-126.60636000000001,0.85175,789.0,46.0,,0.23399999999999999,0.341
116,House,21329,21,17,IL,100,,,"BUSTOS, Cheri",B001286,1961,,-0.23800000000000002,0.042,-27.96016,0.9660700000000001,810.0,8.0,,-0.299,0.196
116,House,21371,21,2,IL,100,,,"KELLY, Robin L.",K000385,1956,,-0.461,-0.003,-23.18327,0.97172,808.0,10.0,,-0.445,0.028999999999999998
116,House,21519,21,12,IL,200,,,"BOST, Mike",B001295,1960,,0.27399999999999997,0.5,-88.85876999999999,0.88495,727.0,38.0,,0.292,0.45299999999999996
116,House,21562,21,18,IL,200,,,"LaHOOD, Darin",L000585,1968,,0.465,0.159,-93.29018,0.8867299999999999,776.0,33.0,,0.473,0.284
116,House,21730,21,8,IL,100,,,"KRISHNAMOORTHI, S. Raja",K000391,1973,,-0.317,-0.10300000000000001,-33.194309999999994,0.95975,808.0,13.0,,-0.359,0.152
116,House,21906,21,6,IL,100,,,"CASTEN, Sean",C001117,1971,,-0.40399999999999997,0.17,-30.044729999999998,0.96359,810.0,12.0,,-0.402,0.253
116,House,21921,21,4,IL,100,,,"GARCÍA, Jesús",G000586,1956,,-0.47600000000000003,-0.8009999999999999,-27.31908,0.96667,806.0,11.0,,-0.45899999999999996,-0.784
116,House,21979,21,14,IL,100,,,"UNDERWOOD, Lauren",U000040,1986,,-0.556,0.64,-45.540490000000005,0.945,805.0,15.0,,-0.552,0.6409999999999999
116,House,29346,21,1,IL,100,,,"RUSH, Bobby L.",R000515,1946,,-0.478,-0.203,-23.63917,0.97003,777.0,6.0,,-0.48,-0.16
116,House,29717,21,7,IL,100,,,"DAVIS, Danny K.",D000096,1941,,-0.486,-0.262,-15.77645,0.9802299999999999,790.0,3.0,,-0.483,-0.316
116,House,29718,21,15,IL,200,,,"SHIMKUS, John M.",S000364,1958,,0.375,0.154,-98.57355,0.87925,766.0,45.0,,0.395,0.308
116,House,29911,21,9,IL,100,,,"SCHAKOWSKY, Janice D.",S001145,1944,,-0.607,-0.26899999999999996,-16.65546,0.9794200000000001,801.0,6.0,,-0.517,-0.479
116,House,15124,22,1,IN,100,,,"VISCLOSKY, Peter",V000108,1949,,-0.402,0.244,-25.35942,0.96899,805.0,5.0,,-0.45299999999999996,0.212
116,House,20757,22,7,IN,100,,,"CARSON, André",C001072,1974,,-0.431,0.059000000000000004,-40.2073,0.95134,806.0,12.0,,-0.5479999999999999,0.289
116,House,21132,22,8,IN,200,,,"BUCSHON, Larry",B001275,1962,,0.40700000000000003,0.255,-95.82567,0.8845299999999999,781.0,40.0,,0.452,0.298
116,House,21330,22,2,IN,200,,,"WALORSKI, Jackie",W000813,1963,,0.428,0.321,-84.69368,0.8974799999999999,783.0,37.0,,0.39,0.371
116,House,21331,22,5,IN,200,,,"BROOKS, Susan",B001284,1960,,0.35200000000000004,0.217,-134.01795,0.8412,775.0,65.0,,0.326,0.17600000000000002
116,House,21702,22,3,IN,200,,,"BANKS, James E.",B001299,1979,,0.631,-0.009000000000000001,-111.9681,0.8703,806.0,51.0,,0.634,0.028999999999999998
116,House,21725,22,9,IN,200,,,"HOLLINGSWORTH, Joseph Albert III",H001074,1983,,0.42,-0.257,-203.34041000000002,0.77256,788.0,96.0,,0.40299999999999997,-0.309
116,House,21903,22,4,IN,200,,,"BAIRD, James",B001307,1945,,0.428,0.654,-80.18861,0.9055200000000001,808.0,38.0,,0.42700000000000005,0.6679999999999999
116,House,21952,22,6,IN,200,,,"PENCE, Gregory",P000615,1956,,0.456,0.35,-96.34064000000001,0.8860100000000001,796.0,40.0,,0.457,0.35700000000000004
116,House,20325,31,4,IA,200,,,"KING, Steve",K000362,1949,,0.613,0.171,-190.61697,0.77372,743.0,87.0,,0.583,-0.184
116,House,20720,31,2,IA,100,,,"LOEBSACK, Dave",L000565,1952,,-0.276,-0.027000000000000003,-28.98965,0.96415,794.0,8.0,,-0.3,0.214
116,House,21902,31,3,IA,100,,,"AXNE, Cynthia",A000378,1965,,-0.239,0.556,-78.70233,0.9060799999999999,798.0,33.0,,-0.239,0.568
116,House,21918,31,1,IA,100,,,"FINKENAUER, Abby",F000467,1988,,-0.22399999999999998,0.501,-79.52809,0.9062600000000001,808.0,41.0,,-0.22399999999999998,0.501
116,House,21734,32,1,KS,200,,,"MARSHALL, Roger Wayne",M001198,1960,,0.539,0.11,-119.08135,0.8572299999999999,773.0,60.0,,0.546,0.091
116,House,21750,32,4,KS,200,,,"ESTES, Ron",E000298,1956,,0.608,0.092,-98.94341999999999,0.88339,798.0,44.0,,0.622,0.087
116,House,21914,32,3,KS,100,,,"DAVIDS, Sharice",D000629,1980,,-0.251,0.213,-57.73965,0.93095,807.0,24.0,,-0.25,0.20600000000000002
116,House,21982,32,2,KS,200,,,"WATKINS, Steve",W000824,1976,,0.5489999999999999,0.079,-114.0218,0.8674700000000001,802.0,52.0,,0.5489999999999999,0.079
116,House,14854,51,5,KY,200,,,"ROGERS, Harold Dallas (Hal)",R000395,1937,,0.337,0.11199999999999999,-91.4555,0.89185,799.0,30.0,,0.336,0.593
116,House,20723,51,3,KY,100,,,"YARMUTH, John",Y000062,1947,,-0.379,-0.27,-20.3638,0.9749,801.0,6.0,,-0.444,-0.161
116,House,20916,51,2,KY,200,,,"GUTHRIE, Brett",G000558,1964,,0.42,0.26899999999999996,-73.34906,0.9126,802.0,29.0,,0.442,0.455
116,House,21333,51,6,KY,200,,,"BARR, Garland H. (Andy) IV",B001282,1973,,0.49,0.299,-102.61969,0.8786200000000001,793.0,44.0,,0.49700000000000005,0.293
116,House,21565,51,1,KY,200,,,"COMER, James",C001108,1972,,0.622,-0.005,-128.06239,0.8527600000000001,804.0,60.0,,0.638,0.027999999999999997
116,House,31102,51,4,KY,200,,,"MASSIE, Thomas",M001184,1971,,0.6809999999999999,-0.732,-236.91607000000002,0.7397699999999999,786.0,101.0,,0.919,-0.395
116,House,20759,45,1,LA,200,,,"SCALISE, Steve",S001176,1965,,0.562,0.152,-84.21928,0.9002,801.0,38.0,,0.5770000000000001,0.298
116,House,21137,45,2,LA,100,,,"RICHMOND, Cedric",R000588,1973,,-0.486,0.332,-40.67477,0.94742,753.0,15.0,,-0.657,0.462
116,House,21522,45,5,LA,200,,,"ABRAHAM, Ralph",A000374,1954,,0.541,0.257,-62.96669,0.87964,491.0,29.0,,0.607,0.154
116,House,21523,45,6,LA,200,,,"GRAVES, Garret",G000577,1972,,0.46299999999999997,-0.062,-130.61403,0.8474299999999999,789.0,55.0,,0.42,-0.016
116,House,21724,45,3,LA,200,,,"HIGGINS, Clay",H001077,1961,,0.578,-0.149,-136.72107,0.82899,729.0,63.0,,0.5870000000000001,-0.217
116,House,21727,45,4,LA,200,,,"JOHNSON, Mike",J000299,1972,,0.5529999999999999,-0.044000000000000004,-113.79879,0.8581700000000001,744.0,47.0,,0.546,0.032
116,House,20920,2,1,ME,100,,,"PINGREE, Chellie",P000597,1955,,-0.42100000000000004,-0.395,-17.85823,0.9779200000000001,800.0,8.0,,-0.42700000000000005,-0.32799999999999996
116,House,21923,2,2,ME,100,,,"GOLDEN, Jared",G000592,1982,,-0.10400000000000001,0.313,-176.0084,0.80491,811.0,64.0,,-0.12300000000000001,0.36700000000000005
116,House,14873,52,5,MD,100,,,"HOYER, Steny Hamilton",H000874,1939,,-0.38,0.11699999999999999,-16.4842,0.9795299999999999,797.0,3.0,,-0.38299999999999995,0.155
116,House,20329,52,2,MD,100,,,"RUPPERSBERGER, C. A. (Dutch)",R000576,1946,,-0.295,0.133,-24.24135,0.9701200000000001,799.0,6.0,,-0.294,0.017
116,House,20724,52,3,MD,100,,,"SARBANES, John",S001168,1962,,-0.467,-0.07200000000000001,-16.37099,0.9799399999999999,808.0,6.0,,-0.41600000000000004,-0.084
116,House,21139,52,1,MD,200,,,"HARRIS, Andy",H001052,1957,,0.6579999999999999,-0.377,-149.72853,0.8277399999999999,792.0,60.0,,0.7490000000000001,-0.39799999999999996
116,House,21707,52,4,MD,100,,,"BROWN, Anthony Gregory",B001304,1961,,-0.335,-0.131,-35.86642,0.95621,801.0,15.0,,-0.307,-0.065
116,House,21741,52,8,MD,100,,,"RASKIN, Jamie Ben",R000606,1962,,-0.544,-0.243,-18.200870000000002,0.9777,807.0,7.0,,-0.486,-0.544
116,House,21978,52,6,MD,100,,,"TRONE, David",T000483,1955,,-0.26899999999999996,-0.031,-29.14453,0.96396,794.0,5.0,,-0.268,-0.038
116,House,29587,52,7,MD,100,,,"CUMMINGS, Elijah Eugene",C000984,1951,,-0.43799999999999994,-0.14800000000000002,-14.383460000000001,0.9671799999999999,431.0,7.0,,-0.385,-0.096
116,House,15616,3,1,MA,100,,,"NEAL, Richard Edmund",N000015,1949,,-0.41700000000000004,-0.111,-11.38392,0.9858399999999999,798.0,3.0,,-0.43200000000000005,-0.087
116,House,20119,3,8,MA,100,,,"LYNCH, Stephen F.",L000562,1955,,-0.35,0.038,-32.916909999999994,0.9598899999999999,804.0,10.0,,-0.302,-0.028999999999999998
116,House,21140,3,9,MA,100,,,"KEATING, William R.",K000375,1952,,-0.32899999999999996,-0.13,-30.516859999999998,0.9624299999999999,797.0,10.0,,-0.36700000000000005,0.01
116,House,21335,3,4,MA,100,,,"KENNEDY, Joseph P. III",K000379,1980,,-0.42100000000000004,-0.20600000000000002,-25.62281,0.96844,799.0,11.0,,-0.444,-0.619
116,House,21375,3,5,MA,100,,,"CLARK, Katherine M.",C001101,1963,,-0.484,-0.37200000000000005,-16.16219,0.98005,802.0,5.0,,-0.425,-0.265
116,House,21525,3,6,MA,100,,,"MOULTON, Seth",M001196,1978,,-0.28600000000000003,-0.066,-71.93526,0.9052899999999999,723.0,27.0,,-0.231,0.185
116,House,21955,3,7,MA,100,,,"PRESSLEY, Ayanna",P000617,1974,,-0.29,-0.9570000000000001,-42.96241,0.94778,801.0,21.0,,-0.29,-0.9570000000000001
116,House,21977,3,3,MA,100,,,"TRAHAN, Lori",T000482,1973,,-0.45299999999999996,-0.172,-19.34694,0.9764299999999999,811.0,5.0,,-0.47200000000000003,-0.175
116,House,29729,3,2,MA,100,,,"McGOVERN, James P.",M000312,1959,,-0.539,-0.303,-19.2307,0.97645,807.0,8.0,,-0.462,-0.624
116,House,15446,23,6,MI,200,,,"UPTON, Frederick Stephen",U000031,1953,,0.332,-0.38,-197.73638,0.78245,806.0,95.0,,0.24,-0.044000000000000004
116,House,20725,23,7,MI,200,,,"WALBERG, Tim",W000798,1951,,0.516,0.078,-101.77807,0.88054,800.0,37.0,,0.46399999999999997,0.242
116,House,21142,23,2,MI,200,,,"HUIZENGA, Bill",H001058,1969,,0.5770000000000001,-0.07200000000000001,-153.66345,0.82324,790.0,61.0,,0.493,-0.034
116,House,21143,23,3,MI,200,,,"AMASH, Justin",A000367,1980,,0.654,-0.757,-172.05329,0.62734,369.0,65.0,,0.919,-0.395
116,House,21372,23,5,MI,100,,,"KILDEE, Dan",K000380,1958,,-0.396,-0.217,-17.41848,0.97875,811.0,6.0,,-0.489,-0.305
116,House,21526,23,4,MI,200,,,"MOOLENAAR, John",M001194,1961,,0.397,0.424,-76.21963000000001,0.91009,809.0,30.0,,0.39899999999999997,0.37
116,House,21529,23,12,MI,100,,,"DINGELL, Debbie",D000624,1953,,-0.409,-0.131,-21.704720000000002,0.97293,791.0,9.0,,-0.396,-0.39899999999999997
116,House,21530,23,14,MI,100,,,"LAWRENCE, Brenda L",L000581,1954,,-0.445,-0.025,-13.185139999999999,0.9832799999999999,782.0,4.0,,-0.467,0.032
116,House,21704,23,1,MI,200,,,"BERGMAN, John",B001301,1947,,0.434,0.068,-131.70033999999998,0.84716,794.0,58.0,,0.43,0.095
116,House,21737,23,10,MI,200,,,"MITCHELL, Paul",M001201,1961,,0.42200000000000004,0.311,-106.11067,0.86741,746.0,43.0,,0.42100000000000004,0.28600000000000003
116,House,21940,23,9,MI,100,,,"LEVIN, Andy",L000592,1960,,-0.532,-0.515,-16.52619,0.9797799999999999,809.0,8.0,,-0.534,-0.5489999999999999
116,House,21965,23,8,MI,100,,,"SLOTKIN, Elissa",S001208,1976,,-0.302,0.784,-101.45965,0.8822700000000001,810.0,40.0,,-0.3,0.7759999999999999
116,House,21972,23,11,MI,100,,,"STEVENS, Haley",S001215,1983,,-0.332,0.359,-40.18393,0.9516,810.0,16.0,,-0.337,0.364
116,House,21975,23,13,MI,100,,,"TLAIB, Rashida",T000481,1976,,-0.261,-0.965,-47.89841,0.9422299999999999,805.0,22.0,,-0.255,-0.9670000000000001
116,House,20122,33,4,MN,100,,,"McCOLLUM, Betty",M001143,1954,,-0.418,-0.188,-26.01302,0.9684,810.0,7.0,,-0.45799999999999996,-0.078
116,House,21531,33,6,MN,200,,,"EMMER, Thomas Earl II",E000294,1961,,0.456,-0.071,-142.32235,0.8233,732.0,57.0,,0.489,-0.021
116,House,21910,33,2,MN,100,,,"CRAIG, Angela",C001119,1972,,-0.31,0.7190000000000001,-76.83400999999999,0.90961,811.0,24.0,,-0.311,0.708
116,House,21929,33,1,MN,200,,,"HAGEDORN, Jim",H001088,1962,,0.461,0.392,-77.70784,0.90754,801.0,36.0,,0.45899999999999996,0.377
116,House,21950,33,5,MN,100,,,"OMAR, Ilhan",O000173,1981,,-0.28,-0.96,-55.334019999999995,0.93135,778.0,26.0,,-0.278,-0.961
116,House,21953,33,3,MN,100,,,"PHILLIPS, Dean",P000616,1969,,-0.237,0.078,-49.54672,0.9407399999999999,811.0,15.0,,-0.235,0.073
116,House,21969,33,8,MN,200,,,"STAUBER, Peter",S001212,1966,,0.28800000000000003,0.14400000000000002,-140.23655,0.8395799999999999,802.0,63.0,,0.28800000000000003,0.163
116,House,29127,33,7,MN,100,,,"PETERSON, Collin Clark",P000258,1944,,-0.14800000000000002,0.7120000000000001,-222.35446000000002,0.75575,794.0,110.0,,-0.156,0.752
116,House,21148,46,4,MS,200,,,"PALAZZO, Steven",P000601,1970,,0.522,0.53,-94.72596999999999,0.8829600000000001,761.0,45.0,,0.601,0.45899999999999996
116,House,21561,46,1,MS,200,,,"KELLY, Trent",K000388,1966,,0.629,0.228,-84.33371,0.89935,795.0,36.0,,0.6759999999999999,0.239
116,House,21927,46,3,MS,200,,,"GUEST, Michael",G000591,1970,,0.49,0.24600000000000002,-94.67737,0.88786,796.0,41.0,,0.486,0.23199999999999998
116,House,29368,46,2,MS,100,,,"THOMPSON, Bennie",T000193,1948,,-0.516,0.4,-24.51156,0.9693299999999999,787.0,10.0,,-0.5529999999999999,0.22399999999999998
116,House,20124,34,6,MO,200,,,"GRAVES, Samuel",G000546,1963,,0.44299999999999995,0.17800000000000002,-118.53171,0.86067,790.0,50.0,,0.518,0.4
116,House,20147,34,1,MO,100,,,"CLAY, William Lacy, Jr.",C001049,1956,,-0.48100000000000004,-0.078,-19.151629999999997,0.97562,776.0,8.0,,-0.586,0.04
116,House,20517,34,5,MO,100,,,"CLEAVER, Emanuel, II",C001061,1944,,-0.45399999999999996,0.013000000000000001,-36.048190000000005,0.95455,775.0,13.0,,-0.45299999999999996,0.003
116,House,20926,34,3,MO,200,,,"LUETKEMEYER, Blaine",L000569,1952,,0.43799999999999994,0.266,-102.01616999999999,0.8804200000000001,801.0,48.0,,0.391,0.45899999999999996
116,House,21149,34,4,MO,200,,,"HARTZLER, Vicky",H001053,1960,,0.46399999999999997,0.314,-118.70858,0.86113,794.0,42.0,,0.39799999999999996,0.303
116,House,21150,34,7,MO,200,,,"LONG, Billy",L000576,1955,,0.551,0.221,-124.95063,0.8552299999999999,799.0,52.0,,0.552,0.02
116,House,21337,34,2,MO,200,,,"WAGNER, Ann",W000812,1962,,0.43799999999999994,0.14,-137.67418999999998,0.8393200000000001,786.0,57.0,,0.391,0.132
116,House,21373,34,8,MO,200,,,"SMITH, Jason",S001195,1980,,0.602,0.168,-99.23444,0.8847,810.0,47.0,,0.5820000000000001,0.107
116,House,21751,64,1,MT,200,,,"GIANFORTE, Greg",G000584,1961,,0.431,0.085,-99.53171,0.8708899999999999,720.0,40.0,,0.435,0.095
116,House,20518,35,1,NE,200,,,"FORTENBERRY, Jeff",F000449,1960,,0.301,-0.059000000000000004,-163.27594,0.81307,789.0,71.0,,0.306,-0.034
116,House,20729,35,3,NE,200,,,"SMITH, Adrian",S001172,1970,,0.517,0.187,-104.56928,0.8783299999999999,806.0,46.0,,0.562,0.23600000000000002
116,House,21701,35,2,NE,200,,,"BACON, Donald J.",B001298,1963,,0.389,-0.09699999999999999,-185.91324,0.79378,805.0,94.0,,0.382,-0.102
116,House,20927,65,1,NV,100,,,"TITUS, Alice (Dina)",T000468,1950,,-0.302,-0.213,-20.6372,0.9741799999999999,789.0,8.0,,-0.374,-0.272
116,House,21196,65,2,NV,200,,,"AMODEI, Mark E.",A000369,1958,,0.382,0.19699999999999998,-120.83255,0.8573299999999999,785.0,58.0,,0.39899999999999997,0.23800000000000002
116,House,21339,65,4,NV,100,,,"HORSFORD, Steven",H001066,1973,,-0.348,0.09300000000000001,-48.44482,0.94145,803.0,21.0,,-0.39299999999999996,0.331
116,House,21938,65,3,NV,100,,,"LEE, Susie",L000590,1966,,-0.308,0.434,-47.15224,0.9433799999999999,809.0,18.0,,-0.308,0.436
116,House,21340,4,2,NH,100,,,"KUSTER, Ann McLane",K000382,1956,,-0.256,-0.12300000000000001,-27.93345,0.9656,798.0,7.0,,-0.332,0.092
116,House,21951,4,1,NH,100,,,"PAPPAS, Chris",P000614,1980,,-0.304,0.35600000000000004,-51.85103,0.93799,810.0,21.0,,-0.299,0.322
116,House,14863,12,4,NJ,200,,,"SMITH, Christopher Henry",S000522,1953,,0.165,-0.168,-206.98493,0.76561,775.0,85.0,,0.2,-0.122
116,House,15454,12,6,NJ,100,,,"PALLONE, Frank, Jr.",P000034,1951,,-0.40399999999999997,-0.16399999999999998,-16.66552,0.9796600000000001,811.0,6.0,,-0.423,-0.382
116,House,20542,12,8,NJ,100,,,"SIRES, Albio",S001165,1951,,-0.405,0.095,-14.32859,0.9819399999999999,786.0,4.0,,-0.42200000000000004,0.111
116,House,21536,12,1,NJ,100,,,"NORCROSS, Donald",N000188,1958,,-0.425,0.324,-28.375320000000002,0.96524,802.0,7.0,,-0.395,-0.011000000000000001
116,House,21538,12,12,NJ,100,,,"WATSON COLEMAN, Bonnie",W000822,1945,,-0.627,-0.138,-48.84004,0.94127,807.0,20.0,,-0.46299999999999997,-0.159
116,House,21723,12,5,NJ,100,,,"GOTTHEIMER, Josh S.",G000583,1975,,-0.145,0.223,-102.88207,0.8803,807.0,50.0,,-0.171,0.456
116,House,21937,12,3,NJ,100,,,"KIM, Andy",K000394,1982,,-0.273,0.39,-52.11874,0.93776,811.0,18.0,,-0.273,0.39799999999999996
116,House,21942,12,7,NJ,100,,,"MALINOWSKI, Tomaz",M001203,1965,,-0.258,0.111,-39.48234,0.95231,808.0,13.0,,-0.26,0.099
116,House,21964,12,11,NJ,100,,,"SHERRILL, Mikie",S001207,1972,,-0.188,0.242,-69.86062,0.91707,807.0,28.0,,-0.184,0.24100000000000002
116,House,21980,12,2,NJ,100,,,"VAN DREW, Jefferson",V000133,1953,,-0.147,0.644,-89.13305,0.85956,589.0,37.0,,-0.147,0.643
116,House,29741,12,9,NJ,100,,,"PASCRELL, William J., Jr.",P000096,1937,,-0.36700000000000005,-0.005,-23.42683,0.9712799999999999,804.0,6.0,,-0.353,-0.183
116,House,31103,12,10,NJ,100,,,"PAYNE, Donald, Jr.",P000604,1958,,-0.517,-0.098,-27.952309999999997,0.9633200000000001,748.0,8.0,,-0.51,-0.027999999999999997
116,House,20932,66,3,NM,100,,,"LUJÁN, Ben Ray",L000570,1972,,-0.36700000000000005,0.015,-25.943620000000003,0.9684,808.0,13.0,,-0.31,-0.22399999999999998
116,House,21928,66,1,NM,100,,,"HAALAND, Debra",H001080,1960,,-0.332,-0.233,-20.646520000000002,0.9747399999999999,807.0,9.0,,-0.324,-0.226
116,House,21976,66,2,NM,100,,,"TORRES SMALL, Xochitl",T000484,1984,,-0.163,0.314,-99.88538,0.8835799999999999,807.0,42.0,,-0.163,0.314
116,House,15603,13,16,NY,100,,,"ENGEL, Eliot Lance",E000179,1947,,-0.408,-0.09300000000000001,-23.72532,0.97078,800.0,9.0,,-0.45,-0.193
116,House,15612,13,17,NY,100,,,"LOWEY, Nita M.",L000480,1937,,-0.389,-0.152,-17.18646,0.9785299999999999,792.0,6.0,,-0.391,0.057999999999999996
116,House,20519,13,26,NY,100,,,"HIGGINS, Brian",H001038,1959,,-0.34700000000000003,-0.033,-18.27908,0.9774700000000001,802.0,7.0,,-0.385,-0.034
116,House,20733,13,9,NY,100,,,"CLARKE, Yvette Diane",C001067,1964,,-0.614,-0.21100000000000002,-32.70125,0.96019,805.0,14.0,,-0.52,-0.623
116,House,20934,13,20,NY,100,,,"TONKO, Paul",T000469,1949,,-0.42,-0.265,-19.09737,0.9762299999999999,794.0,10.0,,-0.361,-0.405
116,House,21101,13,23,NY,200,,,"REED, Thomas W. II",R000585,1971,,0.27699999999999997,0.109,-159.23311,0.81724,789.0,67.0,,0.23800000000000002,0.182
116,House,21342,13,6,NY,100,,,"MENG, Grace",M001188,1975,,-0.377,-0.179,-60.58218000000001,0.9268,797.0,26.0,,-0.281,-0.48
116,House,21343,13,8,NY,100,,,"JEFFRIES, Hakeem",J000294,1970,,-0.488,-0.09,-18.15413,0.97751,798.0,6.0,,-0.499,-0.124
116,House,21344,13,18,NY,100,,,"MALONEY, Sean Patrick",M001185,1966,,-0.239,0.122,-41.43138,0.9497700000000001,804.0,19.0,,-0.312,0.384
116,House,21345,13,27,NY,200,,,"COLLINS, Chris",C001092,1950,,0.35700000000000004,0.23600000000000002,-61.83374,0.87498,463.0,22.0,,0.32799999999999996,0.316
116,House,21539,13,1,NY,200,,,"ZELDIN, Lee M",Z000017,1980,,0.38799999999999996,-0.128,-170.52303999999998,0.80782,799.0,77.0,,0.41700000000000004,-0.145
116,House,21540,13,4,NY,100,,,"RICE, Kathleen Maura",R000602,1965,,-0.285,0.028999999999999998,-54.880359999999996,0.9323899999999999,784.0,25.0,,-0.273,0.23199999999999998
116,House,21541,13,21,NY,200,,,"STEFANIK, Elise M",S001196,1984,,0.228,0.001,-155.77201000000002,0.82485,809.0,66.0,,0.231,-0.02
116,House,21542,13,24,NY,200,,,"KATKO, John",K000386,1962,,0.198,-0.005,-151.94066999999998,0.8225899999999999,778.0,61.0,,0.187,0.005
116,House,21715,13,13,NY,100,,,"ESPAILLAT, Adriano J.",E000297,1954,,-0.618,-0.177,-30.66811,0.9628,809.0,12.0,,-0.455,-0.629
116,House,21747,13,3,NY,100,,,"SUOZZI, Thomas",S001201,1962,,-0.214,0.087,-54.913340000000005,0.93374,801.0,22.0,,-0.293,0.285
116,House,21761,13,25,NY,100,,,"MORELLE, Joseph D.",M001206,1957,,-0.33399999999999996,0.111,-24.55627,0.9692799999999999,787.0,6.0,,-0.32,0.084
116,House,21904,13,22,NY,100,,,"BRINDISI, Anthony",B001308,1978,,-0.154,0.5670000000000001,-136.69953,0.8441799999999999,807.0,45.0,,-0.154,0.568
116,House,21916,13,19,NY,100,,,"DELGADO, Antonio",D000630,1977,,-0.21899999999999997,0.201,-58.980830000000005,0.92986,811.0,18.0,,-0.21600000000000003,0.2
116,House,21949,13,14,NY,100,,,"OCASIO-CORTEZ, Alexandria",O000172,1989,,-0.231,-0.973,-65.91198,0.92138,805.0,28.0,,-0.222,-0.975
116,House,21958,13,11,NY,100,,,"ROSE, Max",R000613,1986,,-0.17600000000000002,0.26899999999999996,-114.2671,0.86705,801.0,43.0,,-0.17600000000000002,0.26899999999999996
116,House,29134,13,15,NY,100,,,"SERRANO, José E.",S000248,1943,,-0.491,-0.377,-13.46589,0.9814200000000001,718.0,5.0,,-0.43700000000000006,-0.311
116,House,29375,13,2,NY,200,,,"KING, Peter T.",K000210,1944,,0.259,-0.03,-156.98658999999998,0.82121,797.0,57.0,,0.253,0.006999999999999999
116,House,29377,13,10,NY,100,,,"NADLER, Jerrold Lewis",N000002,1947,,-0.509,-0.504,-18.349439999999998,0.97701,789.0,7.0,,-0.544,-0.36700000000000005
116,House,29378,13,7,NY,100,,,"VELÁZQUEZ, Nydia M.",V000081,1953,,-0.547,-0.33899999999999997,-16.05255,0.9800399999999999,796.0,6.0,,-0.478,-0.58
116,House,29379,13,12,NY,100,,,"MALONEY, Carolyn Bosher",M000087,1946,,-0.387,-0.28,-21.808510000000002,0.9733700000000001,808.0,9.0,,-0.41600000000000004,-0.42
116,House,29776,13,5,NY,100,,,"MEEKS, Gregory W.",M001137,1953,,-0.414,-0.07400000000000001,-18.50531,0.9762200000000001,769.0,7.0,,-0.528,0.065
116,House,15438,47,4,NC,100,,,"PRICE, David Eugene",P000523,1940,,-0.34299999999999997,-0.031,-16.71441,0.9795,807.0,6.0,,-0.38,-0.11699999999999999
116,House,20340,47,1,NC,100,,,"BUTTERFIELD, George Kenneth, Jr. (G.K.)",B001251,1947,,-0.40399999999999997,0.182,-21.51211,0.9735299999999999,802.0,8.0,,-0.42200000000000004,0.099
116,House,20521,47,5,NC,200,,,"FOXX, Virginia Ann",F000450,1943,,0.628,0.129,-134.51867,0.84416,794.0,57.0,,0.562,0.061
116,House,20522,47,10,NC,200,,,"McHENRY, Patrick T.",M001156,1975,,0.551,0.08199999999999999,-157.45692,0.8106300000000001,750.0,60.0,,0.415,0.084
116,House,21346,47,8,NC,200,,,"HUDSON, Richard",H001067,1971,,0.58,0.11599999999999999,-136.51783999999998,0.8329700000000001,747.0,58.0,,0.48100000000000004,0.111
116,House,21348,47,11,NC,200,,,"MEADOWS, Mark",M001187,1959,,0.605,-0.201,-132.76565,0.81396,645.0,60.0,,0.5870000000000001,-0.209
116,House,21349,47,2,NC,200,,,"HOLDING, George E.B.",H001065,1968,,0.604,0.165,-81.25936999999999,0.89069,702.0,33.0,,0.534,0.272
116,House,21543,47,6,NC,200,,,"WALKER, Bradley Mark",W000819,1969,,0.6409999999999999,0.017,-80.78866,0.89115,701.0,33.0,,0.6709999999999999,0.14
116,House,21544,47,7,NC,200,,,"ROUZER, David",R000603,1972,,0.573,0.151,-115.21411,0.86603,801.0,48.0,,0.544,0.11599999999999999
116,House,21545,47,12,NC,100,,,"ADAMS, Alma",A000370,1946,,-0.466,0.013000000000000001,-15.19374,0.98088,787.0,5.0,,-0.429,-0.061
116,House,21708,47,13,NC,200,,,"BUDD, Theodore Paul",B001305,1971,,0.674,-0.153,-114.08816000000002,0.86616,794.0,46.0,,0.659,-0.132
116,House,21986,47,9,NC,200,,,"BISHOP, Dan",B001311,1964,,0.8170000000000001,-0.055999999999999994,-22.799770000000002,0.93081,318.0,8.0,,0.858,0.057999999999999996
116,House,21987,47,3,NC,200,,,"MURPHY, Gregory Francis",M001210,1963,,0.556,-0.034,-45.22818,0.8700899999999999,325.0,20.0,,0.594,0.057999999999999996
116,House,21901,36,1,ND,200,,,"ARMSTRONG, Kelly",A000377,1976,,0.466,0.037000000000000005,-134.70238999999998,0.8423200000000001,785.0,63.0,,0.466,0.036000000000000004
116,House,15029,24,9,OH,100,,,"KAPTUR, Marcia Carolyn (Marcy)",K000009,1946,,-0.35,0.109,-24.53288,0.9694200000000001,790.0,7.0,,-0.43200000000000005,0.27699999999999997
116,House,20342,24,10,OH,200,,,"TURNER, Michael R.",T000463,1960,,0.273,0.21100000000000002,-110.69927,0.8706200000000001,799.0,37.0,,0.307,0.259
116,House,20343,24,13,OH,100,,,"RYAN, Timothy J.",R000577,1973,,-0.40299999999999997,0.213,-19.825120000000002,0.9703200000000001,658.0,9.0,,-0.363,0.037000000000000005
116,House,20738,24,4,OH,200,,,"JORDAN, Jim",J000289,1964,,0.7190000000000001,-0.21899999999999997,-93.42990999999999,0.88925,796.0,38.0,,0.768,-0.193
116,House,20755,24,5,OH,200,,,"LATTA, Robert E.",L000566,1956,,0.518,0.262,-64.57624,0.92337,810.0,17.0,,0.511,0.337
116,House,20941,24,11,OH,100,,,"FUDGE, Marcia L.",F000455,1952,,-0.581,0.14,-40.29551,0.9472799999999999,744.0,14.0,,-0.552,0.306
116,House,21162,24,6,OH,200,,,"JOHNSON, Bill",J000292,1954,,0.428,0.27,-76.34643,0.90854,796.0,33.0,,0.426,0.424
116,House,21163,24,15,OH,200,,,"STIVERS, Steve",S001187,1965,,0.3,0.268,-127.18365,0.84646,763.0,56.0,,0.304,0.271
116,House,21165,24,7,OH,200,,,"GIBBS, Bob",G000563,1954,,0.474,0.32,-93.17498,0.8876799999999999,782.0,35.0,,0.506,0.465
116,House,21351,24,2,OH,200,,,"WENSTRUP, Brad",W000815,1958,,0.551,0.183,-93.58241,0.88802,788.0,35.0,,0.517,0.244
116,House,21352,24,3,OH,100,,,"BEATTY, Joyce",B001281,1950,,-0.431,0.059000000000000004,-15.83946,0.97977,775.0,4.0,,-0.474,-0.095
116,House,21353,24,14,OH,200,,,"JOYCE, David",J000295,1957,,0.263,0.267,-109.96543,0.8711200000000001,797.0,39.0,,0.284,0.248
116,House,21564,24,8,OH,200,,,"DAVIDSON, Warren",D000626,1970,,0.696,-0.359,-171.53773,0.80657,798.0,82.0,,0.6759999999999999,-0.42
116,House,21759,24,12,OH,200,,,"BALDERSON, Troy",B001306,1962,,0.414,0.446,-80.94235,0.9049,810.0,37.0,,0.418,0.47700000000000004
116,House,21924,24,16,OH,200,,,"GONZALEZ, Anthony",G000588,1984,,0.284,0.243,-111.90328000000001,0.8696200000000001,801.0,42.0,,0.285,0.245
116,House,29550,24,1,OH,200,,,"CHABOT, Steve",C000266,1953,,0.569,-0.201,-116.09875,0.8666200000000001,811.0,44.0,,0.493,0.23199999999999998
116,House,20344,53,4,OK,200,,,"COLE, Tom",C001053,1949,,0.332,0.365,-121.00844,0.8610700000000001,809.0,45.0,,0.302,0.40700000000000003
116,House,21355,53,2,OK,200,,,"MULLIN, Markwayne",M001190,1977,,0.52,0.32,-109.81342,0.84862,669.0,46.0,,0.5529999999999999,0.078
116,House,21760,53,1,OK,200,,,"HERN, Kevin",H001082,1961,,0.677,0.078,-98.38185,0.88482,804.0,42.0,,0.687,0.078
116,House,21933,53,5,OK,100,,,"HORN, Kendra",H001083,1976,,-0.16899999999999998,0.519,-119.35155,0.8628399999999999,809.0,50.0,,-0.17,0.519
116,House,29393,53,3,OK,200,,,"LUCAS, Frank D.",L000491,1960,,0.363,0.418,-64.85051,0.9185200000000001,763.0,25.0,,0.33799999999999997,0.609
116,House,15410,72,4,OR,100,,,"DeFAZIO, Peter Anthony",D000191,1947,,-0.428,0.006,-60.628040000000006,0.92485,776.0,19.0,,-0.316,-0.342
116,House,20944,72,5,OR,100,,,"SCHRADER, Kurt",S001180,1951,,-0.187,0.059000000000000004,-121.51938,0.8579200000000001,793.0,52.0,,-0.139,0.10300000000000001
116,House,21198,72,1,OR,100,,,"BONAMICI, Suzanne",B001278,1954,,-0.39399999999999996,-0.402,-18.17165,0.97782,810.0,6.0,,-0.44799999999999995,-0.43700000000000006
116,House,29588,72,3,OR,100,,,"BLUMENAUER, Earl",B000574,1948,,-0.42700000000000005,-0.67,-27.467959999999998,0.96625,800.0,11.0,,-0.473,-0.831
116,House,29932,72,2,OR,200,,,"WALDEN, Greg",W000791,1957,,0.33299999999999996,-0.011000000000000001,-131.97423999999998,0.8481,801.0,54.0,,0.281,0.191
116,House,20946,14,15,PA,200,,,"THOMPSON, Glenn",T000467,1959,,0.315,0.39299999999999996,-91.84229,0.89025,790.0,31.0,,0.336,0.40299999999999997
116,House,21167,14,16,PA,200,,,"KELLY, Mike",K000376,1948,,0.354,0.447,-137.07001,0.83978,785.0,63.0,,0.457,0.159
116,House,21170,14,12,PA,200,,,"MARINO, Thomas A.",M001179,1952,,0.35200000000000004,0.47700000000000004,-0.28897,0.98751,23.0,0.0,,0.0,0.0
116,House,21356,14,10,PA,200,,,"PERRY, Scott",P000605,1962,,0.629,-0.34600000000000003,-147.19467,0.83001,790.0,75.0,,0.5820000000000001,-0.304
116,House,21358,14,8,PA,100,,,"CARTWRIGHT, Matt",C001090,1961,,-0.366,-0.04,-25.71623,0.9676100000000001,781.0,6.0,,-0.305,-0.02
116,House,21548,14,2,PA,100,,,"BOYLE, Brendan Francis",B001296,1977,,-0.39799999999999996,0.128,-35.86397,0.9563200000000001,803.0,15.0,,-0.392,-0.18600000000000003
116,House,21566,14,3,PA,100,,,"EVANS, Dwight",E000296,1954,,-0.45799999999999996,-0.08199999999999999,-12.64922,0.9842299999999999,796.0,1.0,,-0.502,-0.076
116,House,21718,14,1,PA,200,,,"FITZPATRICK, Brian K.",F000466,1973,,0.171,-0.18600000000000003,-176.59407,0.8023600000000001,802.0,73.0,,0.146,-0.124
116,House,21745,14,11,PA,200,,,"SMUCKER, Lloyd K.",S001199,1964,,0.424,0.255,-78.63998000000001,0.90207,763.0,36.0,,0.441,0.19699999999999998
116,House,21756,14,17,PA,100,,,"LAMB, Conor",L000588,1984,,-0.125,0.193,-118.4432,0.86334,806.0,62.0,,-0.14,0.297
116,House,21762,14,5,PA,100,,,"SCANLON, Mary Gay",S001205,1959,,-0.484,0.021,-15.40065,0.9811200000000001,808.0,5.0,,-0.534,0.121
116,House,21763,14,7,PA,100,,,"WILD, Susan",W000826,1957,,-0.37799999999999995,0.6659999999999999,-66.38099,0.92075,804.0,27.0,,-0.365,0.6409999999999999
116,House,21915,14,4,PA,100,,,"DEAN, Madeleine",D000631,1959,,-0.519,0.084,-12.88804,0.9841799999999999,808.0,5.0,,-0.514,0.075
116,House,21934,14,6,PA,100,,,"HOULAHAN, Christina",H001085,1967,,-0.308,0.532,-43.91151,0.9471700000000001,809.0,14.0,,-0.312,0.5489999999999999
116,House,21936,14,13,PA,200,,,"JOYCE, John",J000302,1957,,0.536,0.17800000000000002,-78.56103,0.90289,769.0,31.0,,0.535,0.174
116,House,21945,14,9,PA,200,,,"MEUSER, Dan",M001204,1964,,0.556,0.39899999999999997,-92.64734,0.88746,776.0,39.0,,0.5589999999999999,0.414
116,House,21956,14,14,PA,200,,,"RESCHENTHALER, Guy",R000610,1983,,0.36200000000000004,0.325,-96.13158,0.8827799999999999,771.0,37.0,,0.358,0.386
116,House,21985,14,12,PA,200,,,"KELLER, Fred",K000395,1965,,0.508,0.094,-74.506,0.88431,606.0,33.0,,0.507,0.09699999999999999
116,House,29561,14,18,PA,100,,,"DOYLE, Michael F.",D000482,1953,,-0.331,0.111,-37.44323,0.9531299999999999,780.0,14.0,,-0.46,-0.34700000000000003
116,House,20136,5,2,RI,100,,,"LANGEVIN, James",L000559,1964,,-0.375,0.109,-33.54679,0.9592799999999999,807.0,8.0,,-0.292,0.018000000000000002
116,House,21172,5,1,RI,100,,,"CICILLINE, David N.",C001084,1961,,-0.39,-0.276,-23.44784,0.97119,802.0,8.0,,-0.428,-0.136
116,House,20138,48,2,SC,200,,,"WILSON, Addison Graves (Joe)",W000795,1947,,0.5379999999999999,0.109,-114.12422,0.86324,776.0,52.0,,0.49700000000000005,0.13
116,House,21174,48,3,SC,200,,,"DUNCAN, Jeff",D000615,1966,,0.7340000000000001,-0.18,-106.64433000000001,0.8731200000000001,786.0,37.0,,0.7140000000000001,-0.132
116,House,21359,48,7,SC,200,,,"RICE, Tom",R000597,1957,,0.599,-0.278,-163.4545,0.81352,792.0,84.0,,0.63,-0.319
116,House,21753,48,5,SC,200,,,"NORMAN, Ralph",N000190,1953,,0.794,-0.20600000000000002,-86.10993,0.8956,781.0,42.0,,0.8220000000000001,-0.184
116,House,21913,48,1,SC,100,,,"CUNNINGHAM, Joe",C001122,1982,,-0.131,0.49,-142.08536,0.8372700000000001,800.0,53.0,,-0.131,0.49
116,House,21974,48,4,SC,200,,,"TIMMONS, William",T000480,1984,,0.598,0.159,-83.58933,0.88559,688.0,32.0,,0.599,0.145
116,House,39301,48,6,SC,100,,,"CLYBURN, James Enos",C000537,1940,,-0.46399999999999997,0.254,-26.603279999999998,0.96421,730.0,9.0,,-0.386,0.083
116,House,21935,37,1,SD,200,,,"JOHNSON, Dustin",J000301,1976,,0.474,0.105,-107.73716,0.87546,810.0,35.0,,0.474,0.111
116,House,15019,54,5,TN,100,,,"COOPER, James Hayes Shofner",C000754,1954,,-0.163,-0.032,-91.9035,0.89135,799.0,23.0,,-0.264,0.252
116,House,20748,54,9,TN,100,,,"COHEN, Stephen",C001068,1949,,-0.4,-0.35,-26.37118,0.9673700000000001,795.0,10.0,,-0.406,-0.253
116,House,20947,54,1,TN,200,,,"ROE, David P. (Phil)",R000582,1945,,0.486,0.024,-95.09914,0.8857700000000001,784.0,39.0,,0.45899999999999996,0.127
116,House,21178,54,3,TN,200,,,"FLEISCHMANN, Chuck",F000459,1962,,0.455,0.31,-95.74906999999999,0.88864,811.0,44.0,,0.41100000000000003,0.42
116,House,21179,54,4,TN,200,,,"DESJARLAIS, Scott",D000616,1964,,0.5820000000000001,-0.086,-98.99269,0.88023,776.0,40.0,,0.562,0.005
116,House,21731,54,8,TN,200,,,"KUSTOFF, David",K000392,1966,,0.529,0.316,-68.39145,0.91707,790.0,24.0,,0.512,0.627
116,House,21905,54,2,TN,200,,,"BURCHETT, Timothy",B001309,1964,,0.6759999999999999,-0.292,-142.12998000000002,0.83704,799.0,58.0,,0.6779999999999999,-0.311
116,House,21926,54,7,TN,200,,,"GREEN, Mark",G000590,1964,,0.6890000000000001,0.004,-84.05230999999999,0.8880600000000001,708.0,38.0,,0.7040000000000001,0.040999999999999995
116,House,21959,54,6,TN,200,,,"ROSE, John",R000612,1965,,0.6729999999999999,0.021,-111.11117,0.86849,788.0,47.0,,0.6729999999999999,0.048
116,House,20355,49,26,TX,200,,,"BURGESS, Michael C.",B001248,1950,,0.575,-0.20600000000000002,-153.60498,0.8233,790.0,75.0,,0.611,-0.111
116,House,20356,49,31,TX,200,,,"CARTER, John R.",C001051,1941,,0.47100000000000003,0.603,-134.67484,0.8306899999999999,726.0,60.0,,0.514,0.649
116,House,20527,49,1,TX,200,,,"GOHMERT, Louie",G000552,1953,,0.626,-0.336,-141.4544,0.82515,736.0,67.0,,0.7090000000000001,-0.435
116,House,20529,49,9,TX,100,,,"GREEN, Al",G000553,1947,,-0.439,0.31,-30.559479999999997,0.9628399999999999,807.0,16.0,,-0.42,-0.053
116,House,20530,49,10,TX,200,,,"McCAUL, Michael T.",M001157,1962,,0.431,0.08900000000000001,-152.70676,0.82662,802.0,65.0,,0.32299999999999995,0.263
116,House,20531,49,11,TX,200,,,"CONAWAY, K. Michael",C001062,1948,,0.593,0.36700000000000005,-81.86616,0.9031899999999999,804.0,36.0,,0.612,0.494
116,House,20532,49,24,TX,200,,,"MARCHANT, Kenny",M001158,1951,,0.6,0.154,-117.73578,0.8319700000000001,640.0,45.0,,0.593,0.027999999999999997
116,House,20533,49,28,TX,100,,,"CUELLAR, Henry",C001063,1955,,-0.228,0.622,-141.81805,0.8390200000000001,808.0,67.0,,-0.359,0.9
116,House,20948,49,22,TX,200,,,"OLSON, Pete",O000168,1962,,0.5479999999999999,0.308,-97.94453,0.8809899999999999,773.0,41.0,,0.5870000000000001,0.301
116,House,21182,49,17,TX,200,,,"FLORES, Bill",F000461,1954,,0.5720000000000001,0.293,-108.65018,0.87044,783.0,40.0,,0.519,0.198
116,House,21360,49,14,TX,200,,,"WEBER, Randy",W000814,1953,,0.7120000000000001,0.024,-104.66003,0.8729100000000001,770.0,45.0,,0.728,-0.032
116,House,21362,49,20,TX,100,,,"CASTRO, Joaquin",C001091,1974,,-0.4,-0.024,-34.33093,0.95705,782.0,14.0,,-0.618,-0.155
116,House,21364,49,25,TX,200,,,"WILLIAMS, Roger",W000816,1949,,0.586,0.111,-107.52358000000001,0.87275,790.0,44.0,,0.565,0.095
116,House,21365,49,33,TX,100,,,"VEASEY, Marc",V000131,1971,,-0.402,0.285,-31.57807,0.96139,802.0,10.0,,-0.33899999999999997,0.09
116,House,21366,49,34,TX,100,,,"VELA, Filemon",V000132,1963,,-0.313,0.41200000000000003,-91.96329,0.89192,804.0,36.0,,-0.447,0.49200000000000005
116,House,21549,49,4,TX,200,,,"RATCLIFFE, John",R000601,1965,,0.693,0.113,-74.52081,0.88536,612.0,34.0,,0.654,0.11599999999999999
116,House,21550,49,23,TX,200,,,"HURD, William Ballard",H001073,1977,,0.287,0.228,-175.54897,0.8023100000000001,797.0,77.0,,0.21899999999999997,0.27699999999999997
116,House,21551,49,36,TX,200,,,"BABIN, Brian",B001291,1948,,0.7020000000000001,0.094,-111.90116,0.8652299999999999,773.0,51.0,,0.708,0.03
116,House,21700,49,19,TX,200,,,"ARRINGTON, Jodey Cook",A000375,1972,,0.635,-0.061,-126.00081000000002,0.85309,793.0,67.0,,0.655,-0.09699999999999999
116,House,21722,49,15,TX,100,,,"GONZALEZ, Vicente Jr.",G000581,1967,,-0.384,0.67,-81.24485,0.90035,774.0,36.0,,-0.5329999999999999,0.846
116,House,21758,49,27,TX,200,,,"CLOUD, Michael",C001115,1975,,0.659,-0.251,-141.44645,0.8381299999999999,801.0,57.0,,0.6559999999999999,-0.272
116,House,21900,49,32,TX,100,,,"ALLRED, Colin",A000376,1983,,-0.43700000000000006,0.595,-40.04652,0.95075,793.0,17.0,,-0.44799999999999995,0.613
116,House,21911,49,2,TX,200,,,"CRENSHAW, Daniel",C001120,1984,,0.396,0.364,-87.25649,0.89654,799.0,36.0,,0.397,0.364
116,House,21917,49,16,TX,100,,,"ESCOBAR, Veronica",E000299,1969,,-0.397,-0.28600000000000003,-24.43228,0.97,802.0,9.0,,-0.387,-0.226
116,House,21919,49,7,TX,100,,,"FLETCHER, Elizabeth",F000468,1975,,-0.441,0.8170000000000001,-71.97214,0.9147799999999999,808.0,34.0,,-0.445,0.84
116,House,21922,49,29,TX,100,,,"GARCIA, Sylvia",G000587,1950,,-0.747,0.532,-46.92592,0.94378,811.0,14.0,,-0.726,0.555
116,House,21925,49,5,TX,200,,,"GOODEN, Lance",G000589,1982,,0.7240000000000001,-0.039,-88.81251,0.89417,794.0,30.0,,0.7240000000000001,0.006999999999999999
116,House,21961,49,21,TX,200,,,"ROY, Charles",R000614,1972,,0.8,-0.6,-139.01887,0.8392,793.0,54.0,,0.919,-0.395
116,House,21973,49,3,TX,200,,,"TAYLOR, Nicholas",T000479,1972,,0.546,-0.11900000000000001,-143.92700000000002,0.83665,807.0,70.0,,0.551,-0.114
116,House,21984,49,6,TX,200,,,"WRIGHT, Ron",W000827,1953,,0.711,-0.09,-67.09875,0.8963200000000001,613.0,24.0,,0.7090000000000001,-0.095
116,House,29571,49,35,TX,100,,,"DOGGETT, Lloyd Alton, II",D000399,1946,,-0.402,-0.314,-40.77547,0.94932,784.0,13.0,,-0.41,-0.44299999999999995
116,House,29572,49,13,TX,200,,,"THORNBERRY, William McClellan (Mac)",T000238,1958,,0.525,0.313,-106.92728000000001,0.87159,778.0,48.0,,0.502,0.319
116,House,29573,49,18,TX,100,,,"JACKSON LEE, Sheila",J000032,1950,,-0.46,0.128,-21.60613,0.97325,797.0,10.0,,-0.5579999999999999,-0.065
116,House,29760,49,8,TX,200,,,"BRADY, Kevin Patrick",B000755,1955,,0.524,0.22,-112.25347,0.8640200000000001,768.0,49.0,,0.579,0.307
116,House,29762,49,12,TX,200,,,"GRANGER, Kay",G000377,1943,,0.396,0.243,-109.08492,0.86067,727.0,51.0,,0.42100000000000004,0.396
116,House,39305,49,30,TX,100,,,"JOHNSON, Eddie Bernice",J000126,1935,,-0.485,0.203,-22.54362,0.9719,791.0,9.0,,-0.405,0.011000000000000001
116,House,20357,67,1,UT,200,,,"BISHOP, Robert (Rob)",B001250,1951,,0.537,0.105,-137.88969,0.8328700000000001,754.0,63.0,,0.573,0.027999999999999997
116,House,21367,67,2,UT,200,,,"STEWART, Chris",S001192,1960,,0.527,0.152,-91.29141,0.89074,789.0,41.0,,0.535,0.266
116,House,21755,67,3,UT,200,,,"CURTIS, John R.",C001114,1960,,0.536,0.011000000000000001,-100.62845,0.8746,751.0,39.0,,0.54,0.052000000000000005
116,House,21943,67,4,UT,100,,,"McADAMS, Ben",M001209,1974,,-0.069,0.294,-222.21132999999998,0.7598199999999999,809.0,87.0,,-0.069,0.294
116,House,20750,6,1,VT,100,,,"WELCH, Peter",W000800,1947,,-0.41,-0.35200000000000004,-23.02371,0.9711700000000001,787.0,10.0,,-0.53,-0.324
116,House,20756,40,1,VA,200,,,"WITTMAN, Robert J.",W000804,1959,,0.446,-0.016,-133.95633,0.8467,805.0,58.0,,0.528,0.142
116,House,20952,40,11,VA,100,,,"CONNOLLY, Gerald E. (Gerry)",C001078,1950,,-0.306,-0.013999999999999999,-51.44943,0.93801,804.0,25.0,,-0.24600000000000002,-0.077
116,House,21191,40,9,VA,200,,,"GRIFFITH, H. Morgan",G000568,1958,,0.5489999999999999,-0.434,-179.79099,0.79414,780.0,77.0,,0.563,-0.363
116,House,21554,40,8,VA,100,,,"BEYER, Donald Sternoff Jr.",B001292,1950,,-0.385,-0.04,-18.783739999999998,0.97659,793.0,7.0,,-0.345,-0.198
116,House,21736,40,4,VA,100,,,"MCEACHIN, Aston Donald",M001200,1961,,-0.374,-0.076,-38.89443,0.9441700000000001,677.0,15.0,,-0.301,-0.033
116,House,21908,40,6,VA,200,,,"CLINE, Benjamin",C001118,1972,,0.7,-0.17,-123.98629,0.8582299999999999,811.0,57.0,,0.703,-0.184
116,House,21941,40,2,VA,100,,,"LURIA, Elaine",L000591,1975,,-0.185,0.40399999999999997,-109.81658,0.87203,802.0,53.0,,-0.177,0.381
116,House,21957,40,5,VA,200,,,"RIGGLEMAN, Denver",R000611,1970,,0.47600000000000003,-0.018000000000000002,-124.62104,0.84949,764.0,40.0,,0.478,-0.026000000000000002
116,House,21966,40,7,VA,100,,,"SPANBERGER, Abigail",S001209,1979,,-0.174,0.45899999999999996,-106.6026,0.87654,809.0,39.0,,-0.165,0.429
116,House,21983,40,10,VA,100,,,"WEXTON, Jennifer",W000825,1968,,-0.40399999999999997,0.48100000000000004,-28.68525,0.96516,809.0,16.0,,-0.413,0.493
116,House,39307,40,3,VA,100,,,"SCOTT, Robert C.",S000185,1947,,-0.45,0.016,-38.84329,0.9531799999999999,810.0,14.0,,-0.38,0.125
116,House,20145,73,2,WA,100,,,"LARSEN, Richard Ray (Rick)",L000560,1965,,-0.365,0.19,-39.25755,0.9524600000000001,806.0,10.0,,-0.374,0.122
116,House,20535,73,5,WA,200,,,"McMORRIS RODGERS, Cathy",M001159,1969,,0.425,0.11599999999999999,-123.67596,0.85475,788.0,54.0,,0.409,-0.016
116,House,21187,73,3,WA,200,,,"HERRERA BEUTLER, Jaime",H001056,1978,,0.35600000000000004,-0.182,-136.00072,0.80829,639.0,67.0,,0.285,-0.059000000000000004
116,House,21368,73,6,WA,100,,,"KILMER, Derek",K000381,1974,,-0.31,-0.012,-31.73788,0.9615299999999999,809.0,16.0,,-0.415,0.37
116,House,21369,73,10,WA,100,,,"HECK, Denny",H001064,1952,,-0.312,-0.128,-19.30426,0.9761,798.0,6.0,,-0.312,-0.19899999999999998
116,House,21556,73,4,WA,200,,,"NEWHOUSE, Daniel Milton",N000189,1955,,0.34700000000000003,0.22899999999999998,-101.44849,0.8792,788.0,42.0,,0.331,0.282
116,House,21726,73,7,WA,100,,,"JAYAPAL, Pramila",J000298,1965,,-0.7,-0.309,-41.022940000000006,0.95026,804.0,14.0,,-0.504,-0.8240000000000001
116,House,21962,73,8,WA,100,,,"SCHRIER, Kim",S001216,1968,,-0.35,0.473,-37.31906,0.9549200000000001,809.0,20.0,,-0.348,0.44799999999999995
116,House,29768,73,9,WA,100,,,"SMITH, Adam",S000510,1965,,-0.285,-0.161,-18.08015,0.97754,796.0,8.0,,-0.359,-0.21600000000000003
116,House,31101,73,1,WA,100,,,"DelBENE, Suzan K.",D000617,1962,,-0.282,-0.228,-19.58671,0.97605,808.0,2.0,,-0.353,-0.17800000000000002
116,House,21188,56,1,WV,200,,,"McKINLEY, David",M001180,1947,,0.3,0.183,-138.47155,0.84304,811.0,57.0,,0.321,0.322
116,House,21557,56,2,WV,200,,,"MOONEY, Alex X.",M001195,1971,,0.583,-0.294,-163.52964,0.81657,807.0,68.0,,0.581,-0.28300000000000003
116,House,21946,56,3,WV,200,,,"MILLER, Carol",M001205,1950,,0.469,0.29,-83.64703,0.9007200000000001,800.0,32.0,,0.469,0.299
116,House,14657,25,5,WI,200,,,"SENSENBRENNER, Frank James, Jr.",S000244,1943,,0.638,-0.579,-165.27996000000002,0.78478,682.0,83.0,,0.573,-0.267
116,House,20537,25,4,WI,100,,,"MOORE, Gwendolynne S. (Gwen)",M001160,1951,,-0.528,-0.24600000000000002,-32.85875,0.9597100000000001,799.0,15.0,,-0.433,-0.4
116,House,21189,25,7,WI,200,,,"DUFFY, Sean",D000614,1971,,0.511,-0.109,-100.93909000000001,0.79459,439.0,46.0,,0.515,0.012
116,House,21370,25,2,WI,100,,,"POCAN, Mark",P000607,1964,,-0.54,-0.544,-33.02507,0.9594600000000001,798.0,12.0,,-0.47200000000000003,-0.882
116,House,21559,25,6,WI,200,,,"GROTHMAN, Glenn",G000576,1955,,0.606,-0.27899999999999997,-160.3924,0.8152,785.0,79.0,,0.606,-0.3
116,House,21720,25,8,WI,200,,,"GALLAGHER, Michael",G000579,1984,,0.446,-0.07400000000000001,-163.49433,0.8106800000000001,779.0,73.0,,0.41100000000000003,-0.078
116,House,21970,25,1,WI,200,,,"STEIL, Bryan",S001213,1981,,0.41700000000000004,-0.068,-135.68546,0.8441799999999999,801.0,62.0,,0.42100000000000004,-0.061
116,House,29769,25,3,WI,100,,,"KIND, Ron",K000188,1963,,-0.261,-0.081,-67.33071,0.9176,783.0,25.0,,-0.261,0.17800000000000002
116,House,21710,68,1,WY,200,,,"CHENEY, Liz",C001109,1966,,0.512,0.41,-116.4485,0.86015,773.0,52.0,,0.519,0.467
